Timestamp,Shoulder Width (cm),Chest (cm),Waist (cm),Hip Width (cm),Arm Length (cm),Leg Length (cm),Height (cm)
2025-08-11 20:41:43,40.0,100.0,26.38,26.38,12.83,75.0,129.52
2025-08-11 20:41:43,40.06,100.15,26.5,26.5,12.07,75.27,130.99
2025-08-11 20:41:43,39.77,99.43,26.5,26.5,11.81,75.01,131.53
2025-08-11 20:41:43,39.62,99.05,26.51,26.51,11.67,75.01,131.96
2025-08-11 20:41:43,39.61,99.03,26.77,26.77,11.63,75.15,132.37
2025-08-11 20:41:43,39.07,97.67,26.37,26.37,11.86,75.38,133.33
2025-08-11 20:41:43,39.08,97.7,26.37,26.37,12.16,75.37,133.75
2025-08-11 20:41:44,39.08,97.7,26.51,26.51,12.65,75.63,134.17
2025-08-11 20:41:44,39.08,97.7,26.5,26.5,13.14,75.5,134.3
2025-08-11 20:41:44,39.21,98.03,26.63,26.63,13.44,75.74,135.41
2025-08-11 20:41:44,39.34,98.35,26.89,26.89,13.64,75.62,135.95
2025-08-11 20:41:44,39.34,98.35,27.03,27.03,14.39,75.24,136.33
2025-08-11 20:41:44,39.74,99.35,27.17,27.17,14.25,75.81,137.13
2025-08-11 20:41:44,39.88,99.7,27.18,27.18,14.3,75.84,137.9
2025-08-11 20:41:44,39.62,99.05,27.19,27.19,14.26,77.2,140.03
2025-08-11 20:41:44,39.21,98.03,27.05,27.05,14.0,76.97,139.17
2025-08-11 20:41:44,39.34,98.35,27.31,27.31,13.76,77.37,138.48
2025-08-11 20:41:44,40.42,101.05,27.71,27.71,13.88,77.58,137.11
2025-08-11 20:41:44,40.96,102.4,27.57,27.57,14.02,77.58,134.7
2025-08-11 20:41:44,39.96,99.9,26.77,26.77,15.06,77.4,129.75
2025-08-11 20:41:44,39.69,99.22,26.92,26.92,16.58,77.79,128.69
2025-08-11 20:41:44,39.47,98.67,26.77,26.77,17.4,77.97,127.38
2025-08-11 20:41:44,39.44,98.6,26.78,26.78,18.18,78.81,128.43
2025-08-11 20:41:44,38.97,97.42,26.66,26.66,18.5,79.26,129.81
2025-08-11 20:41:44,39.08,97.7,27.06,27.06,19.04,79.78,131.01
2025-08-11 20:41:44,38.75,96.88,27.06,27.06,18.74,79.22,130.24
2025-08-11 20:41:44,38.46,96.15,26.95,26.95,18.61,79.87,132.14
2025-08-11 20:41:45,38.2,95.5,26.81,26.81,18.87,80.14,133.38
2025-08-11 20:41:45,38.44,96.1,26.96,26.96,18.74,79.99,134.56
2025-08-11 20:41:45,38.84,97.1,26.95,26.95,18.4,79.84,135.73
2025-08-11 20:41:45,38.84,97.1,26.7,26.7,17.94,80.51,143.05
2025-08-11 20:41:45,38.63,96.58,25.1,25.1,17.22,79.96,144.47
2025-08-11 20:41:45,38.03,95.08,24.44,24.44,16.05,79.42,143.76
2025-08-11 20:41:45,37.69,94.22,24.16,24.16,15.13,79.95,144.11
2025-08-11 20:41:45,37.81,94.53,24.52,24.52,16.95,80.52,145.0
2025-08-11 20:41:45,37.69,94.22,24.93,24.93,19.1,80.65,146.36
2025-08-11 20:41:45,37.57,93.92,24.93,24.93,20.84,80.58,147.02
2025-08-11 20:41:45,37.53,93.83,24.91,24.91,41.47,78.37,144.91
2025-08-11 20:41:45,37.54,93.85,24.91,24.91,40.75,77.54,145.49
2025-08-11 20:41:45,37.42,93.55,24.77,24.77,40.14,76.85,145.15
2025-08-11 20:41:45,37.56,93.9,24.66,24.66,36.41,76.61,144.59
2025-08-11 20:41:45,37.56,93.9,24.94,24.94,42.43,76.5,144.75
2025-08-11 20:41:45,37.17,92.93,24.77,24.77,44.03,76.34,144.39
2025-08-11 20:41:45,36.5,91.25,24.5,24.5,37.89,76.44,144.05
2025-08-11 20:41:45,35.77,89.43,23.94,23.94,36.12,76.38,142.36
2025-08-11 20:41:45,35.34,88.35,23.14,23.14,39.74,75.31,140.64
2025-08-11 20:41:45,34.78,86.95,23.14,23.14,41.37,75.44,140.39
2025-08-11 20:41:45,34.24,85.6,22.87,22.87,40.26,74.24,138.39
2025-08-11 20:41:46,33.18,82.95,22.48,22.48,37.99,74.5,138.42
2025-08-11 20:41:46,33.05,82.62,22.07,22.07,38.15,74.52,138.57
2025-08-11 20:41:46,32.91,82.27,22.07,22.07,31.27,74.25,137.92
2025-08-11 20:41:46,32.52,81.3,21.8,21.8,28.78,74.25,137.47
2025-08-11 20:41:46,30.98,77.45,21.29,21.29,28.51,74.03,138.29
2025-08-11 20:41:46,30.64,76.6,20.5,20.5,29.32,74.08,137.36
2025-08-11 20:41:46,30.4,76.0,20.63,20.63,31.06,73.52,134.89
2025-08-11 20:41:46,30.86,77.15,20.92,20.92,32.16,73.14,133.43
2025-08-11 20:41:46,29.96,74.9,20.27,20.27,37.07,72.68,131.77
2025-08-11 20:41:46,29.17,72.93,20.14,20.14,34.41,72.14,130.11
2025-08-11 20:41:46,27.66,69.15,19.46,19.46,36.69,71.59,128.28
2025-08-11 20:41:46,27.16,67.9,19.04,19.04,37.12,71.85,127.43
2025-08-11 20:41:46,26.44,66.1,18.79,18.79,36.43,71.41,126.31
2025-08-11 20:41:46,25.67,64.18,18.42,18.42,32.29,71.62,125.29
2025-08-11 20:41:46,25.37,63.43,18.51,18.51,27.7,71.58,124.42
2025-08-11 20:41:46,24.46,61.15,18.26,18.26,18.86,72.34,125.07
2025-08-11 20:41:46,24.66,61.65,19.06,19.06,15.73,71.83,124.84
2025-08-11 20:41:46,24.69,61.73,20.02,20.02,20.6,72.02,124.69
2025-08-11 20:41:46,24.62,61.55,20.15,20.15,16.33,71.14,122.85
2025-08-11 20:41:46,23.82,59.55,18.66,18.66,22.25,70.14,120.16
2025-08-11 20:41:46,24.07,60.17,18.77,18.77,25.17,69.25,118.9
2025-08-11 20:41:47,23.77,59.42,18.65,18.65,25.29,69.0,118.52
2025-08-11 20:41:47,23.15,57.88,18.38,18.38,25.33,68.97,118.24
2025-08-11 20:41:47,20.22,50.55,16.96,16.96,23.39,67.91,116.27
2025-08-11 20:41:47,19.57,48.92,16.29,16.29,23.93,66.29,114.87
2025-08-11 20:41:47,19.14,47.85,16.01,16.01,23.52,65.66,114.66
2025-08-11 20:41:47,17.28,43.2,14.52,14.52,23.82,64.24,113.2
2025-08-11 20:41:47,16.13,40.32,13.59,13.59,24.06,62.33,111.39
2025-08-11 20:41:47,15.44,38.6,12.94,12.94,24.74,61.07,111.08
2025-08-11 20:41:47,14.76,36.9,11.46,11.46,25.58,51.61,101.47
2025-08-11 20:41:47,12.99,32.48,10.69,10.69,25.58,43.24,91.96
2025-08-11 20:41:47,18.65,46.62,11.88,11.88,24.82,39.74,87.39
2025-08-11 20:41:48,27.86,69.65,20.19,20.19,49.47,64.69,113.24
2025-08-11 20:41:48,29.26,73.15,21.3,21.3,48.03,61.48,112.95
2025-08-11 20:41:48,30.15,75.38,21.42,21.42,44.39,58.55,112.11
2025-08-11 20:41:48,30.03,75.08,21.11,21.11,55.97,52.76,105.1
2025-08-11 20:41:48,29.29,73.22,20.14,20.14,56.3,51.59,105.48
2025-08-11 20:41:48,29.17,72.93,17.46,17.46,52.17,48.4,101.09
2025-08-11 20:41:48,29.43,73.58,17.53,17.53,52.11,51.97,106.17
2025-08-11 20:41:48,29.8,74.5,18.17,18.17,52.4,63.77,119.15
2025-08-11 20:41:48,30.15,75.38,17.27,17.27,53.72,57.95,112.0
2025-08-11 20:41:48,29.25,73.12,16.61,16.61,52.63,57.75,114.69
2025-08-11 20:41:48,29.76,74.4,16.29,16.29,47.97,57.07,112.23
2025-08-11 20:41:48,29.31,73.27,17.18,17.18,44.33,56.86,111.7
2025-08-11 20:41:48,30.28,75.7,17.72,17.72,47.01,58.72,110.64
2025-08-11 20:41:48,30.44,76.1,18.11,18.11,44.67,59.66,116.25
2025-08-11 20:41:48,30.07,75.17,18.3,18.3,43.31,59.07,115.42
2025-08-11 20:41:48,29.88,74.7,18.42,18.42,42.32,55.63,110.37
2025-08-11 20:41:48,29.15,72.88,18.02,18.02,41.05,53.18,104.44
2025-08-11 20:41:48,28.36,70.9,17.76,17.76,39.3,53.17,101.87
2025-08-11 20:41:49,27.91,69.78,17.43,17.43,35.03,54.09,97.99
2025-08-11 20:41:49,25.82,64.55,16.64,16.64,32.24,50.9,94.36
2025-08-11 20:41:49,23.84,59.6,16.38,16.38,31.76,48.95,92.03
2025-08-11 20:41:49,22.55,56.38,16.24,16.24,31.05,49.78,93.63
2025-08-11 20:41:49,21.82,54.55,15.47,15.47,29.66,48.68,93.31
2025-08-11 20:41:49,21.17,52.93,14.65,14.65,27.03,47.6,91.37
2025-08-11 20:41:49,20.06,50.15,13.31,13.31,25.63,47.96,91.99
2025-08-11 20:41:49,20.74,51.85,13.58,13.58,23.46,47.75,93.37
2025-08-11 20:41:49,20.46,51.15,13.46,13.46,23.94,47.33,92.6
2025-08-11 20:41:49,20.31,50.77,13.41,13.41,23.16,46.88,90.96
2025-08-11 20:41:49,20.42,51.05,13.4,13.4,23.57,47.49,91.25
2025-08-11 20:41:49,19.86,49.65,12.99,12.99,22.83,47.35,90.4
2025-08-11 20:41:49,19.84,49.6,12.85,12.85,22.43,44.69,87.21
2025-08-11 20:41:49,19.97,49.92,12.84,12.84,21.91,43.62,85.24
2025-08-11 20:41:49,19.97,49.92,12.98,12.98,21.8,43.76,85.3
2025-08-11 20:41:49,19.31,48.27,12.71,12.71,21.44,41.11,81.89
2025-08-11 20:41:49,19.02,47.55,12.71,12.71,21.82,41.23,81.9
2025-08-11 20:41:49,19.04,47.6,12.32,12.32,21.61,42.69,81.89
2025-08-11 20:41:49,19.09,47.73,12.18,12.18,20.99,43.49,82.49
2025-08-11 20:41:49,18.97,47.42,12.2,12.2,20.92,44.14,83.13
2025-08-11 20:41:49,18.72,46.8,12.07,12.07,20.9,42.28,81.07
2025-08-11 20:41:50,18.85,47.12,12.09,12.09,20.87,42.16,80.66
2025-08-11 20:41:50,18.75,46.88,11.95,11.95,20.37,42.57,80.66
2025-08-11 20:41:50,18.63,46.57,11.97,11.97,19.51,42.44,78.79
2025-08-11 20:41:50,18.22,45.55,11.83,11.83,19.07,42.7,79.05
2025-08-11 20:41:50,17.67,44.18,11.71,11.71,19.09,41.77,77.58
2025-08-11 20:41:50,17.54,43.85,11.58,11.58,19.17,41.64,76.78
2025-08-11 20:41:50,17.97,44.92,11.58,11.58,18.88,41.63,77.31
2025-08-11 20:41:50,17.69,44.23,11.71,11.71,18.64,41.5,75.71
2025-08-11 20:41:50,17.27,43.17,10.77,10.77,19.67,40.8,74.58
2025-08-11 20:41:50,17.11,42.77,10.34,10.34,20.09,39.33,73.14
2025-08-11 20:41:50,17.34,43.35,10.45,10.45,20.35,37.87,71.58
2025-08-11 20:41:50,17.29,43.22,10.45,10.45,20.49,37.75,71.62
2025-08-11 20:41:50,17.41,43.52,10.57,10.57,20.76,37.38,71.42
2025-08-11 20:41:50,17.53,43.83,10.84,10.84,21.03,37.92,72.02
2025-08-11 20:41:50,17.52,43.8,10.7,10.7,20.89,37.68,71.85
2025-08-11 20:41:50,17.79,44.47,10.84,10.84,20.9,37.56,71.76
2025-08-11 20:41:50,17.26,43.15,10.57,10.57,20.82,37.49,71.39
2025-08-11 20:41:50,17.53,43.83,10.84,10.84,20.92,36.68,70.62
2025-08-11 20:41:50,17.13,42.82,10.57,10.57,20.96,37.79,71.47
2025-08-11 20:41:50,17.12,42.8,10.7,10.7,20.71,37.27,70.84
2025-08-11 20:41:50,16.99,42.47,10.57,10.57,20.83,36.57,69.9
2025-08-11 20:41:51,17.12,42.8,10.57,10.57,20.81,36.12,69.46
2025-08-11 20:41:51,17.12,42.8,10.57,10.57,20.94,35.58,68.72
2025-08-11 20:41:51,16.86,42.15,10.57,10.57,19.22,36.1,69.07
2025-08-11 20:41:51,16.59,41.48,10.46,10.46,18.04,36.1,68.5
2025-08-11 20:41:51,16.72,41.8,10.59,10.59,17.49,36.5,68.64
2025-08-11 20:41:51,16.72,41.8,10.59,10.59,17.33,37.96,69.68
2025-08-11 20:41:51,16.45,41.12,10.59,10.59,17.34,37.81,69.12
2025-08-11 20:41:51,16.18,40.45,10.58,10.58,17.46,38.21,69.52
2025-08-11 20:41:51,15.79,39.47,10.71,10.71,17.42,37.64,69.01
2025-08-11 20:41:51,15.93,39.83,10.7,10.7,17.4,37.35,68.65
2025-08-11 20:41:51,16.06,40.15,10.57,10.57,17.42,36.27,67.57
2025-08-11 20:41:51,16.19,40.48,10.84,10.84,17.36,35.85,67.14
2025-08-11 20:41:51,16.32,40.8,10.84,10.84,17.42,35.99,67.28
2025-08-11 20:41:51,16.32,40.8,10.84,10.84,17.46,36.65,68.05
2025-08-11 20:41:51,16.45,41.12,10.7,10.7,17.49,36.92,68.29
2025-08-11 20:41:51,16.72,41.8,10.84,10.84,17.34,36.27,67.79
2025-08-11 20:41:51,16.86,42.15,10.7,10.7,17.22,35.76,67.35
2025-08-11 20:41:51,16.72,41.8,10.7,10.7,16.99,35.24,66.67
2025-08-11 20:41:51,16.45,41.12,10.44,10.44,16.81,36.84,68.53
2025-08-11 20:41:51,16.32,40.8,10.44,10.44,16.57,37.51,69.19
2025-08-11 20:41:51,16.61,41.52,10.31,10.31,17.79,37.28,69.03
2025-08-11 20:41:52,16.38,40.95,10.31,10.31,18.6,37.98,69.55
2025-08-11 20:41:52,16.14,40.35,10.18,10.18,19.23,38.26,69.96
2025-08-11 20:41:52,16.16,40.4,9.91,9.91,19.46,38.38,70.1
2025-08-11 20:41:52,16.16,40.4,10.05,10.05,19.34,38.77,70.63
2025-08-11 20:41:52,16.18,40.45,10.06,10.06,19.58,39.05,71.04
2025-08-11 20:41:52,16.19,40.48,10.2,10.2,19.55,38.67,70.92
2025-08-11 20:41:52,16.31,40.77,10.12,10.12,19.13,37.49,70.8
2025-08-11 20:41:52,16.18,40.45,10.14,10.14,19.0,37.23,70.81
2025-08-11 20:41:52,16.33,40.82,10.12,10.12,19.13,37.49,71.08
2025-08-11 20:41:52,16.59,41.48,10.27,10.27,19.4,37.46,71.07
2025-08-11 20:41:52,16.59,41.48,10.27,10.27,19.8,37.46,71.19
2025-08-11 20:41:52,16.59,41.48,10.27,10.27,20.06,37.59,71.32
2025-08-11 20:41:52,16.59,41.48,10.27,10.27,20.2,37.73,71.72
2025-08-11 20:41:52,16.46,41.15,10.27,10.27,20.6,37.73,71.59
2025-08-11 20:41:52,16.82,42.05,10.12,10.12,21.27,37.68,71.7
2025-08-11 20:41:52,16.81,42.02,10.1,10.1,21.54,37.37,71.7
2025-08-11 20:41:52,16.66,41.65,9.94,9.94,21.41,37.47,71.84
2025-08-11 20:41:52,16.53,41.33,9.81,9.81,21.41,37.32,71.73
2025-08-11 20:41:52,16.66,41.65,10.21,10.21,21.96,37.32,71.91
2025-08-11 20:41:52,16.64,41.6,10.34,10.34,22.27,37.19,71.81
2025-08-11 20:41:52,16.49,41.22,10.48,10.48,22.83,37.2,71.85
2025-08-11 20:41:53,16.75,41.88,10.73,10.73,23.29,37.49,72.27
2025-08-11 20:41:53,16.61,41.52,10.72,10.72,23.19,37.52,72.19
2025-08-11 20:41:53,16.33,40.82,10.71,10.71,23.34,37.29,71.73
2025-08-11 20:41:53,16.32,40.8,10.57,10.57,23.49,37.23,71.56
2025-08-11 20:41:53,16.32,40.8,10.57,10.57,23.36,37.51,71.62
2025-08-11 20:41:53,16.32,40.8,10.7,10.7,23.36,37.77,71.49
2025-08-11 20:41:53,16.32,40.8,10.83,10.83,23.33,37.52,71.28
2025-08-11 20:41:53,16.32,40.8,10.7,10.7,23.29,37.49,71.19
2025-08-11 20:41:53,16.45,41.12,10.7,10.7,23.16,37.07,70.74
2025-08-11 20:41:53,16.32,40.8,10.57,10.57,23.23,36.78,70.43
2025-08-11 20:41:53,16.45,41.12,10.43,10.43,23.29,36.22,70.09
2025-08-11 20:41:53,16.32,40.8,10.17,10.17,23.2,36.34,70.17
2025-08-11 20:41:53,16.32,40.8,10.17,10.17,23.05,36.31,70.1
2025-08-11 20:41:53,16.19,40.48,10.17,10.17,23.07,36.28,70.17
2025-08-11 20:41:53,16.06,40.15,10.03,10.03,22.63,36.38,70.31
2025-08-11 20:41:53,16.34,40.85,10.17,10.17,22.47,36.39,70.25
2025-08-11 20:41:53,16.47,41.17,10.17,10.17,22.45,36.41,70.24
2025-08-11 20:41:53,16.35,40.88,10.17,10.17,22.45,36.44,70.23
2025-08-11 20:41:53,16.36,40.9,10.3,10.3,22.83,36.6,70.49
2025-08-11 20:41:53,16.13,40.32,10.44,10.44,23.1,37.02,71.16
2025-08-11 20:41:53,16.28,40.7,10.44,10.44,23.59,37.81,72.1
2025-08-11 20:41:54,16.31,40.77,10.58,10.58,23.69,37.81,72.37
2025-08-11 20:41:54,17.02,42.55,10.72,10.72,23.78,36.39,71.05
2025-08-11 20:41:54,17.04,42.6,10.61,10.61,23.8,36.39,71.46
2025-08-11 20:41:54,17.22,43.05,10.62,10.62,23.96,36.4,71.99
2025-08-11 20:41:54,17.37,43.43,10.74,10.74,24.11,36.67,72.27
2025-08-11 20:41:54,17.75,44.38,10.87,10.87,24.4,36.4,72.53
2025-08-11 20:41:54,17.73,44.33,10.74,10.74,24.84,36.02,72.67
2025-08-11 20:41:54,18.3,45.75,11.02,11.02,26.32,35.9,73.58
2025-08-11 20:41:54,19.18,47.95,11.73,11.73,27.16,36.06,74.37
2025-08-11 20:41:54,19.96,49.9,12.13,12.13,27.71,36.43,74.64
2025-08-11 20:41:54,20.74,51.85,12.64,12.64,28.39,37.07,76.13
2025-08-11 20:41:54,20.49,51.22,12.9,12.9,29.12,37.7,77.89
2025-08-11 20:41:54,20.35,50.88,13.15,13.15,29.93,37.26,79.41
2025-08-11 20:41:54,20.49,51.22,13.29,13.29,30.25,37.25,80.48
2025-08-11 20:41:54,20.6,51.5,13.67,13.67,30.25,37.89,82.23
2025-08-11 20:41:54,22.74,56.85,14.85,14.85,27.89,38.54,80.79
2025-08-11 20:41:54,23.54,58.85,15.26,15.26,26.44,39.6,81.49
2025-08-11 20:41:54,24.22,60.55,15.8,15.8,25.4,43.34,85.39
2025-08-11 20:41:56,1.26,3.15,1.47,1.47,2.28,18.28,30.83
2025-08-11 20:41:57,2.6,6.5,1.86,1.86,3.99,17.66,30.79
2025-08-11 20:41:57,24.88,62.2,16.45,16.45,40.32,49.78,103.45
2025-08-11 20:41:57,24.84,62.1,16.59,16.59,38.84,50.97,104.17
2025-08-11 20:41:57,24.79,61.97,16.59,16.59,37.31,50.96,103.56
2025-08-11 20:41:57,24.77,61.92,16.72,16.72,35.88,50.97,103.01
2025-08-11 20:41:57,24.32,60.8,16.32,16.32,34.75,51.36,101.63
2025-08-11 20:41:57,22.66,56.65,15.52,15.52,32.41,51.5,99.78
2025-08-11 20:41:57,22.1,55.25,15.25,15.25,30.81,51.78,98.63
2025-08-11 20:41:57,21.84,54.6,14.99,14.99,30.43,51.78,97.8
2025-08-11 20:41:57,21.15,52.88,14.45,14.45,29.99,51.78,96.8
2025-08-11 20:41:57,20.76,51.9,14.05,14.05,29.74,51.68,96.34
2025-08-11 20:41:58,20.61,51.52,13.78,13.78,28.89,51.27,95.59
2025-08-11 20:41:58,20.2,50.5,13.65,13.65,27.92,49.93,93.63
2025-08-11 20:41:58,18.9,47.25,12.64,12.64,25.01,48.98,89.51
2025-08-11 20:41:58,18.89,47.23,12.89,12.89,24.55,50.03,89.45
2025-08-11 20:41:58,18.89,47.23,12.87,12.87,24.47,50.29,89.56
2025-08-11 20:41:58,18.62,46.55,12.47,12.47,24.4,50.03,88.45
2025-08-11 20:41:58,18.36,45.9,12.34,12.34,24.37,48.74,86.81
2025-08-11 20:41:58,18.0,45.0,12.23,12.23,24.66,46.88,84.54
2025-08-11 20:41:58,17.74,44.35,11.95,11.95,24.92,46.24,83.48
2025-08-11 20:41:58,17.76,44.4,11.95,11.95,25.01,45.06,82.0
2025-08-11 20:41:58,17.74,44.35,11.95,11.95,24.69,43.32,80.4
2025-08-11 20:41:58,17.73,44.33,12.09,12.09,24.93,41.36,78.94
2025-08-11 20:41:58,17.73,44.33,11.82,11.82,24.48,40.59,77.88
2025-08-11 20:41:58,17.34,43.35,11.81,11.81,24.61,39.56,76.82
2025-08-11 20:41:58,16.84,42.1,11.53,11.53,24.48,38.64,75.75
2025-08-11 20:41:58,16.84,42.1,11.66,11.66,24.61,37.48,74.55
2025-08-11 20:41:58,17.09,42.73,11.8,11.8,24.55,36.68,73.97
2025-08-11 20:41:58,17.22,43.05,11.66,11.66,24.55,36.54,73.7
2025-08-11 20:41:58,17.2,43.0,11.67,11.67,24.4,36.23,73.44
2025-08-11 20:41:58,17.16,42.9,11.67,11.67,24.24,35.79,73.05
2025-08-11 20:41:58,17.15,42.88,11.66,11.66,23.98,35.77,72.67
2025-08-11 20:41:59,17.14,42.85,11.66,11.66,23.82,35.48,72.29
2025-08-11 20:41:59,16.87,42.18,11.66,11.66,23.69,35.6,72.19
2025-08-11 20:41:59,16.59,41.48,11.77,11.77,22.78,36.13,72.55
2025-08-11 20:41:59,16.85,42.12,11.64,11.64,22.49,36.13,72.57
2025-08-11 20:41:59,16.99,42.47,11.51,11.51,22.35,35.72,71.91
2025-08-11 20:41:59,16.99,42.47,11.65,11.65,22.71,35.85,72.09
2025-08-11 20:41:59,16.99,42.47,11.66,11.66,23.17,35.72,71.97
2025-08-11 20:41:59,17.26,43.15,11.66,11.66,23.46,35.98,72.65
2025-08-11 20:41:59,17.39,43.48,11.8,11.8,24.37,36.25,73.34
2025-08-11 20:41:59,17.66,44.15,12.06,12.06,24.82,36.25,73.71
2025-08-11 20:41:59,17.66,44.15,12.06,12.06,25.37,36.39,74.24
2025-08-11 20:41:59,17.66,44.15,12.2,12.2,26.41,36.65,74.89
2025-08-11 20:41:59,18.19,45.48,12.2,12.2,26.71,36.92,75.71
2025-08-11 20:41:59,18.73,46.83,12.32,12.32,27.31,37.19,76.36
2025-08-11 20:41:59,19.66,49.15,12.84,12.84,28.76,38.01,78.77
2025-08-11 20:41:59,20.07,50.17,13.11,13.11,29.5,39.1,79.8
2025-08-11 20:41:59,20.07,50.17,13.24,13.24,29.82,39.55,80.83
2025-08-11 20:41:59,20.2,50.5,13.51,13.51,30.43,40.3,82.4
2025-08-11 20:41:59,20.47,51.17,13.92,13.92,30.49,41.82,84.81
2025-08-11 20:41:59,21.0,52.5,14.1,14.1,30.0,42.88,87.88
2025-08-11 20:42:00,21.54,53.85,14.36,14.36,29.91,43.9,89.89
2025-08-11 20:42:00,22.07,55.17,14.76,14.76,29.42,45.02,92.99
2025-08-11 20:42:00,22.34,55.85,15.03,15.03,28.63,45.8,94.34
2025-08-11 20:42:00,22.47,56.17,15.3,15.3,28.68,46.6,95.82
2025-08-11 20:42:00,23.73,59.33,16.38,16.38,28.76,46.7,97.38
2025-08-11 20:42:00,24.7,61.75,16.89,16.89,29.59,47.89,99.74
2025-08-11 20:42:00,25.0,62.5,17.41,17.41,31.05,49.09,101.77
2025-08-11 20:42:00,25.52,63.8,17.8,17.8,32.3,50.03,103.71
2025-08-11 20:42:00,25.57,63.92,18.46,18.46,32.74,50.7,105.96
2025-08-11 20:42:00,25.88,64.7,18.73,18.73,33.19,51.23,105.97
2025-08-11 20:42:00,25.75,64.38,18.59,18.59,33.13,52.05,106.23
2025-08-11 20:42:00,24.76,61.9,18.46,18.46,32.49,52.71,107.02
2025-08-11 20:42:05,19.8,49.5,12.44,12.44,28.13,35.72,73.48
2025-08-11 20:42:05,19.8,49.5,12.71,12.71,28.43,34.65,74.82
2025-08-11 20:42:05,19.26,48.15,12.44,12.44,28.19,37.19,75.47
2025-08-11 20:42:05,19.0,47.5,12.45,12.45,28.3,40.17,79.29
2025-08-11 20:42:06,18.6,46.5,12.06,12.06,27.64,39.77,76.2
2025-08-11 20:42:06,17.67,44.18,11.26,11.26,25.24,37.45,72.9
2025-08-11 20:42:06,17.59,43.98,10.99,10.99,24.78,36.51,71.69
2025-08-11 20:42:06,17.5,43.75,10.99,10.99,25.4,36.38,71.7
2025-08-11 20:42:06,17.63,44.07,10.73,10.73,25.48,36.1,71.31
2025-08-11 20:42:06,17.82,44.55,10.86,10.86,25.19,36.0,71.88
2025-08-11 20:42:06,17.72,44.3,10.73,10.73,25.3,36.4,72.69
2025-08-11 20:42:06,17.72,44.3,10.61,10.61,25.16,36.15,72.29
2025-08-11 20:42:06,17.59,43.98,10.37,10.37,24.44,37.23,72.31
2025-08-11 20:42:06,17.4,43.5,10.22,10.22,24.01,37.11,71.64
2025-08-11 20:42:06,16.95,42.38,10.09,10.09,23.74,37.12,71.26
2025-08-11 20:42:06,16.37,40.93,10.35,10.35,23.34,37.0,71.24
2025-08-11 20:42:06,16.19,40.48,10.25,10.25,22.68,36.94,71.2
2025-08-11 20:42:06,16.03,40.08,10.37,10.37,21.92,36.91,71.31
2025-08-11 20:42:06,15.99,39.98,9.68,9.68,20.65,38.54,72.77
2025-08-11 20:42:06,16.19,40.48,9.54,9.54,20.11,37.99,72.12
2025-08-11 20:42:06,16.28,40.7,9.65,9.65,19.97,37.99,72.14
2025-08-11 20:42:06,16.23,40.58,9.65,9.65,19.95,37.72,72.04
2025-08-11 20:42:06,16.22,40.55,9.65,9.65,19.68,37.72,71.96
2025-08-11 20:42:06,16.21,40.53,9.65,9.65,19.15,37.73,71.92
2025-08-11 20:42:06,16.34,40.85,9.65,9.65,18.51,37.61,71.87
2025-08-11 20:42:07,16.47,41.17,9.64,9.64,18.63,37.9,72.11
2025-08-11 20:42:07,15.52,38.8,9.23,9.23,18.75,38.25,72.07
2025-08-11 20:42:07,15.93,39.83,9.23,9.23,19.18,38.28,71.91
2025-08-11 20:42:07,15.83,39.58,9.23,9.23,19.64,38.46,72.11
2025-08-11 20:42:07,15.85,39.62,9.25,9.25,19.7,38.11,71.62
2025-08-11 20:42:07,15.86,39.65,9.53,9.53,19.88,37.84,71.54
2025-08-11 20:42:07,15.5,38.75,9.53,9.53,20.07,37.76,71.38
2025-08-11 20:42:07,15.5,38.75,9.66,9.66,20.07,37.63,70.98
2025-08-11 20:42:07,15.51,38.77,9.66,9.66,20.3,37.63,70.7
2025-08-11 20:42:07,15.27,38.17,9.66,9.66,20.36,38.03,70.67
2025-08-11 20:42:07,15.17,37.92,9.53,9.53,20.33,37.89,70.51
2025-08-11 20:42:07,14.74,36.85,9.66,9.66,21.05,37.86,70.31
2025-08-11 20:42:07,14.83,37.08,9.66,9.66,21.45,37.25,69.36
2025-08-11 20:42:07,15.33,38.33,9.8,9.8,21.68,36.66,68.63
2025-08-11 20:42:07,15.17,37.92,9.78,9.78,21.81,36.74,68.62
2025-08-11 20:42:07,15.15,37.88,9.65,9.65,21.91,36.43,68.21
2025-08-11 20:42:07,15.26,38.15,9.51,9.51,21.65,36.41,68.11
2025-08-11 20:42:07,15.11,37.77,9.36,9.36,21.46,36.52,68.23
2025-08-11 20:42:07,15.12,37.8,9.63,9.63,21.54,36.38,68.17
2025-08-11 20:42:07,15.0,37.5,9.63,9.63,21.64,36.39,68.26
2025-08-11 20:42:08,15.14,37.85,9.5,9.5,21.73,36.66,68.37
2025-08-11 20:42:08,15.15,37.88,9.5,9.5,21.66,36.67,68.35
2025-08-11 20:42:08,15.04,37.6,9.51,9.51,21.66,36.54,68.08
2025-08-11 20:42:08,15.08,37.7,9.51,9.51,21.4,36.42,67.82
2025-08-11 20:42:08,14.7,36.75,9.39,9.39,21.53,36.28,67.69
2025-08-11 20:42:08,14.87,37.17,9.52,9.52,21.57,36.28,67.42
2025-08-11 20:42:08,14.89,37.23,9.52,9.52,21.46,36.16,67.42
2025-08-11 20:42:08,14.89,37.23,9.39,9.39,21.46,36.28,67.55
2025-08-11 20:42:08,14.91,37.27,9.39,9.39,21.49,36.28,67.55
2025-08-11 20:42:08,14.93,37.33,9.39,9.39,21.46,36.28,67.55
2025-08-11 20:42:08,15.04,37.6,9.39,9.39,21.26,36.14,67.55
2025-08-11 20:42:08,15.28,38.2,9.52,9.52,21.38,35.33,67.02
2025-08-11 20:42:08,15.63,39.08,9.92,9.92,21.34,35.45,67.48
2025-08-11 20:42:08,15.6,39.0,9.78,9.78,21.22,35.58,67.53
2025-08-11 20:42:08,15.7,39.25,9.78,9.78,21.62,35.58,67.57
2025-08-11 20:42:08,15.81,39.52,9.77,9.77,21.62,35.86,68.12
2025-08-11 20:42:08,15.8,39.5,9.91,9.91,21.66,36.39,68.82
2025-08-11 20:42:08,15.8,39.5,9.91,9.91,21.68,36.4,68.83
2025-08-11 20:42:08,15.52,38.8,10.04,10.04,21.77,36.67,69.29
2025-08-11 20:42:08,15.25,38.12,9.9,9.9,21.67,36.81,69.03
2025-08-11 20:42:08,15.12,37.8,9.9,9.9,21.83,36.95,69.04
2025-08-11 20:42:09,15.12,37.8,9.9,9.9,22.09,36.41,68.37
2025-08-11 20:42:09,15.12,37.8,9.9,9.9,21.96,36.28,68.13
2025-08-11 20:42:09,15.12,37.8,9.9,9.9,21.96,36.15,67.73
2025-08-11 20:42:09,14.99,37.48,9.9,9.9,21.83,36.16,67.6
2025-08-11 20:42:09,15.12,37.8,9.9,9.9,22.19,36.42,68.0
2025-08-11 20:42:09,14.99,37.48,9.77,9.77,22.19,36.43,68.0
2025-08-11 20:42:09,15.13,37.83,9.9,9.9,22.17,36.42,68.0
2025-08-11 20:42:09,15.26,38.15,9.77,9.77,22.14,36.3,68.0
2025-08-11 20:42:09,15.12,37.8,9.77,9.77,22.28,36.32,68.01
2025-08-11 20:42:09,15.26,38.15,9.77,9.77,22.1,36.31,68.0
2025-08-11 20:42:09,15.26,38.15,9.77,9.77,22.17,36.31,67.97
2025-08-11 20:42:09,15.13,37.83,9.64,9.64,22.15,35.79,67.43
2025-08-11 20:42:09,15.26,38.15,9.63,9.63,21.98,35.78,67.28
2025-08-11 20:42:09,15.0,37.5,9.64,9.64,22.1,35.76,67.53
2025-08-11 20:42:09,15.0,37.5,9.63,9.63,22.07,35.74,67.36
2025-08-11 20:42:09,15.0,37.5,9.77,9.77,22.04,35.88,67.51
2025-08-11 20:42:09,15.0,37.5,9.77,9.77,22.32,35.88,67.51
2025-08-11 20:42:09,15.0,37.5,9.63,9.63,22.35,36.01,67.64
2025-08-11 20:42:09,14.73,36.83,9.5,9.5,22.52,36.01,67.62
2025-08-11 20:42:09,14.73,36.83,9.5,9.5,22.59,35.99,67.58
2025-08-11 20:42:09,14.86,37.15,9.64,9.64,22.64,36.13,67.73
2025-08-11 20:42:10,14.87,37.17,9.51,9.51,22.4,36.27,67.87
2025-08-11 20:42:10,14.72,36.8,9.37,9.37,22.33,36.02,67.48
2025-08-11 20:42:10,14.72,36.8,9.5,9.5,22.53,36.02,67.36
2025-08-11 20:42:10,14.72,36.8,9.37,9.37,22.24,35.64,66.98
2025-08-11 20:42:10,14.72,36.8,9.37,9.37,22.24,35.81,67.04
2025-08-11 20:42:10,14.85,37.12,9.5,9.5,22.22,35.94,67.19
2025-08-11 20:42:10,14.85,37.12,9.5,9.5,22.35,35.93,67.31
2025-08-11 20:42:10,14.85,37.12,9.5,9.5,22.35,36.36,67.76
2025-08-11 20:42:10,14.85,37.12,9.5,9.5,22.19,36.57,68.01
2025-08-11 20:42:10,14.85,37.12,9.63,9.63,22.22,36.68,68.26
2025-08-11 20:42:10,14.98,37.45,9.63,9.63,22.32,36.81,68.38
2025-08-11 20:42:10,14.99,37.48,9.63,9.63,22.32,36.6,68.31
2025-08-11 20:42:10,15.12,37.8,9.63,9.63,22.3,36.45,68.41
2025-08-11 20:42:10,15.12,37.8,9.64,9.64,22.56,36.32,68.26
2025-08-11 20:42:10,15.12,37.8,9.64,9.64,22.67,36.3,68.24
2025-08-11 20:42:10,15.12,37.8,9.64,9.64,22.91,35.9,67.82
2025-08-11 20:42:10,15.26,38.15,9.64,9.64,23.02,35.89,67.81
2025-08-11 20:42:10,15.12,37.8,9.64,9.64,22.89,35.75,67.79
2025-08-11 20:42:10,15.25,38.12,9.64,9.64,23.0,35.7,67.74
2025-08-11 20:42:10,15.25,38.12,9.51,9.51,23.0,35.7,67.73
2025-08-11 20:42:11,15.12,37.8,9.51,9.51,22.87,35.52,67.55
2025-08-11 20:42:11,14.99,37.48,9.64,9.64,22.87,35.11,67.15
2025-08-11 20:42:11,14.99,37.48,9.64,9.64,22.87,35.24,67.28
2025-08-11 20:42:11,14.99,37.48,9.64,9.64,22.76,35.63,67.53
2025-08-11 20:42:11,14.99,37.48,9.64,9.64,22.43,35.39,67.16
2025-08-11 20:42:11,14.99,37.48,9.51,9.51,22.17,35.55,67.33
2025-08-11 20:42:11,14.99,37.48,9.64,9.64,22.23,35.94,67.71
2025-08-11 20:42:11,15.0,37.5,9.51,9.51,21.91,36.09,67.84
2025-08-11 20:42:11,14.99,37.48,9.64,9.64,22.28,35.88,67.51
2025-08-11 20:42:11,15.12,37.8,9.78,9.78,22.08,35.43,67.19
2025-08-11 20:42:11,15.13,37.83,9.77,9.77,21.89,35.41,67.15
2025-08-11 20:42:11,15.13,37.83,9.77,9.77,21.67,35.41,67.15
2025-08-11 20:42:11,15.26,38.15,9.64,9.64,21.52,35.19,66.91
2025-08-11 20:42:11,15.4,38.5,9.64,9.64,21.56,35.01,66.6
2025-08-11 20:42:11,15.4,38.5,9.77,9.77,21.78,35.02,66.6
2025-08-11 20:42:11,15.4,38.5,9.77,9.77,21.7,35.13,66.71
2025-08-11 20:42:11,15.26,38.15,9.78,9.78,21.7,35.11,66.69
2025-08-11 20:42:11,15.26,38.15,9.78,9.78,21.67,35.13,66.69
2025-08-11 20:42:11,15.26,38.15,9.78,9.78,21.59,35.08,66.65
2025-08-11 20:42:12,15.27,38.17,9.78,9.78,21.52,34.89,66.46
2025-08-11 20:42:12,15.26,38.15,9.78,9.78,21.64,34.83,66.38
2025-08-11 20:42:12,15.26,38.15,9.78,9.78,21.57,35.02,66.59
2025-08-11 20:42:12,15.26,38.15,9.79,9.79,21.61,35.26,66.83
2025-08-11 20:42:12,15.27,38.17,9.79,9.79,21.47,35.27,66.84
2025-08-11 20:42:12,15.27,38.17,9.79,9.79,21.34,35.16,66.59
2025-08-11 20:42:12,15.27,38.17,9.79,9.79,21.27,35.55,66.99
2025-08-11 20:42:12,15.27,38.17,9.79,9.79,21.39,35.55,66.85
2025-08-11 20:42:12,15.27,38.17,9.79,9.79,21.39,35.42,66.72
2025-08-11 20:42:12,15.4,38.5,9.79,9.79,21.32,35.42,66.74
2025-08-11 20:42:12,15.4,38.5,9.79,9.79,21.32,35.41,66.59
2025-08-11 20:42:12,15.4,38.5,9.79,9.79,21.44,35.54,66.59
2025-08-11 20:42:12,15.4,38.5,9.79,9.79,21.37,35.54,66.59
2025-08-11 20:42:12,15.27,38.17,9.65,9.65,21.31,35.41,66.43
2025-08-11 20:42:12,15.14,37.85,9.65,9.65,21.49,35.51,66.52
2025-08-11 20:42:12,15.27,38.17,9.65,9.65,21.43,35.51,66.38
2025-08-11 20:42:12,15.27,38.17,9.65,9.65,21.54,35.3,66.03
2025-08-11 20:42:12,15.27,38.17,9.79,9.79,21.48,35.28,66.01
2025-08-11 20:42:12,15.27,38.17,9.79,9.79,21.48,35.28,66.01
2025-08-11 20:42:12,15.27,38.17,9.78,9.78,21.54,35.26,66.0
2025-08-11 20:42:12,15.27,38.17,9.78,9.78,21.42,35.39,65.87
2025-08-11 20:42:13,15.28,38.2,9.78,9.78,21.45,35.41,65.73
2025-08-11 20:42:13,15.14,37.85,9.79,9.79,21.64,35.41,65.87
2025-08-11 20:42:13,15.14,37.85,9.79,9.79,21.56,35.21,65.52
2025-08-11 20:42:13,15.14,37.85,9.79,9.79,21.5,35.21,65.52
2025-08-11 20:42:13,15.01,37.52,9.79,9.79,21.45,35.23,65.4
2025-08-11 20:42:13,15.01,37.52,9.78,9.78,21.45,35.26,65.32
2025-08-11 20:42:13,15.03,37.57,9.78,9.78,22.04,35.39,65.17
2025-08-11 20:42:13,15.03,37.57,9.78,9.78,22.35,35.68,65.04
2025-08-11 20:42:13,15.04,37.6,9.79,9.79,22.19,35.62,64.73
2025-08-11 20:42:13,15.04,37.6,9.79,9.79,22.46,35.85,64.57
2025-08-11 20:42:13,15.04,37.6,9.79,9.79,22.59,35.92,64.49
2025-08-11 20:42:13,15.04,37.6,9.66,9.66,22.46,35.72,64.42
2025-08-11 20:42:13,15.05,37.62,9.65,9.65,22.22,35.72,64.42
2025-08-11 20:42:13,14.92,37.3,9.65,9.65,22.24,35.7,64.36
2025-08-11 20:42:13,14.92,37.3,9.66,9.66,22.11,35.56,64.21
2025-08-11 20:42:13,14.93,37.33,9.53,9.53,22.11,35.56,64.2
2025-08-11 20:42:13,15.07,37.67,9.66,9.66,21.98,35.51,64.14
2025-08-11 20:42:13,14.95,37.38,9.66,9.66,21.98,35.37,64.01
2025-08-11 20:42:13,14.93,37.33,9.66,9.66,22.11,35.6,64.38
2025-08-11 20:42:13,15.08,37.7,9.53,9.53,22.06,35.62,64.36
2025-08-11 20:42:13,15.08,37.7,9.53,9.53,22.06,35.62,64.49
2025-08-11 20:42:14,15.21,38.03,9.52,9.52,22.14,35.62,64.75
2025-08-11 20:42:14,15.36,38.4,9.52,9.52,22.12,35.74,64.87
2025-08-11 20:42:14,15.21,38.03,9.52,9.52,22.23,35.47,64.73
2025-08-11 20:42:14,15.21,38.03,9.53,9.53,22.23,35.47,64.86
2025-08-11 20:42:14,15.36,38.4,9.66,9.66,22.21,35.32,64.72
2025-08-11 20:42:14,15.36,38.4,9.68,9.68,22.21,35.32,64.7
2025-08-11 20:42:14,15.51,38.77,9.68,9.68,22.19,35.32,64.84
2025-08-11 20:42:14,15.38,38.45,9.54,9.54,22.21,35.28,64.46
2025-08-11 20:42:14,15.27,38.17,9.68,9.68,22.25,35.37,64.43
2025-08-11 20:42:14,15.38,38.45,9.68,9.68,22.25,35.49,64.42
2025-08-11 20:42:14,15.51,38.77,9.66,9.66,22.28,35.31,64.24
2025-08-11 20:42:14,15.53,38.82,9.66,9.66,22.14,35.31,64.23
2025-08-11 20:42:14,15.42,38.55,9.54,9.54,22.01,34.99,63.74
2025-08-11 20:42:14,15.46,38.65,9.54,9.54,21.91,34.85,63.19
2025-08-11 20:42:14,15.46,38.65,9.54,9.54,21.99,34.96,63.18
2025-08-11 20:42:14,15.48,38.7,9.54,9.54,21.99,34.95,62.91
2025-08-11 20:42:14,15.37,38.42,9.41,9.41,21.81,34.68,62.24
2025-08-11 20:42:14,15.4,38.5,9.54,9.54,21.95,35.02,62.35
2025-08-11 20:42:14,15.53,38.82,9.66,9.66,21.93,35.19,62.1
2025-08-11 20:42:14,15.82,39.55,9.66,9.66,22.13,35.25,62.21
2025-08-11 20:42:14,15.95,39.88,9.66,9.66,22.1,35.25,62.07
2025-08-11 20:42:15,16.06,40.15,9.8,9.8,22.08,35.62,62.33
2025-08-11 20:42:15,16.06,40.15,9.66,9.66,22.04,35.9,62.6
2025-08-11 20:42:15,16.19,40.48,9.66,9.66,22.03,35.75,62.2
2025-08-11 20:42:15,16.29,40.72,9.65,9.65,22.01,35.79,61.94
2025-08-11 20:42:15,16.4,41.0,9.65,9.65,22.01,36.19,62.21
2025-08-11 20:42:15,16.36,40.9,9.79,9.79,22.27,36.1,61.95
2025-08-11 20:42:15,16.36,40.9,9.79,9.79,22.14,35.56,61.28
2025-08-11 20:42:15,16.36,40.9,9.91,9.91,22.14,35.55,61.28
2025-08-11 20:42:15,16.38,40.95,9.91,9.91,22.14,35.27,61.01
2025-08-11 20:42:15,16.23,40.58,9.91,9.91,22.28,35.51,61.27
2025-08-11 20:42:15,16.25,40.62,10.05,10.05,22.29,35.35,61.26
2025-08-11 20:42:15,16.14,40.35,10.05,10.05,22.29,35.74,62.06
2025-08-11 20:42:15,16.45,41.12,10.33,10.33,22.4,35.99,63.41
2025-08-11 20:42:15,16.66,41.65,10.34,10.34,22.65,36.39,65.03
2025-08-11 20:42:15,17.08,42.7,10.49,10.49,22.89,36.25,65.32
2025-08-11 20:42:15,16.82,42.05,10.37,10.37,23.16,36.11,65.35
2025-08-11 20:42:15,16.84,42.1,10.4,10.4,23.45,36.12,65.77
2025-08-11 20:42:15,17.11,42.77,10.58,10.58,23.83,35.87,65.93
2025-08-11 20:42:15,17.24,43.1,10.56,10.56,23.91,35.87,65.94
2025-08-11 20:42:15,16.97,42.42,10.56,10.56,24.12,33.77,64.24
2025-08-11 20:42:16,17.58,43.95,10.69,10.69,24.48,28.03,59.03
2025-08-11 20:42:16,18.21,45.53,10.8,10.8,24.79,28.81,60.1
2025-08-11 20:42:16,19.48,48.7,11.14,11.14,25.14,32.37,63.56
2025-08-11 20:42:16,19.94,49.85,11.26,11.26,25.67,33.47,64.74
2025-08-11 20:42:16,20.46,51.15,11.53,11.53,25.73,33.9,65.42
2025-08-11 20:42:16,21.57,53.92,11.77,11.77,26.22,35.92,67.31
2025-08-11 20:42:16,22.35,55.88,12.32,12.32,26.68,37.01,68.65
2025-08-11 20:42:16,22.76,56.9,12.19,12.19,27.16,38.85,70.77
2025-08-11 20:42:16,23.15,57.88,12.33,12.33,27.02,39.98,72.15
2025-08-11 20:42:16,23.81,59.52,12.47,12.47,27.29,40.46,73.76
2025-08-11 20:42:16,23.94,59.85,12.61,12.61,27.15,40.16,72.85
2025-08-11 20:42:16,24.34,60.85,12.5,12.5,26.89,40.62,72.63
2025-08-11 20:42:16,25.15,62.88,12.9,12.9,26.89,41.19,72.35
2025-08-11 20:42:16,25.41,63.52,12.89,12.89,26.49,41.18,72.11
2025-08-11 20:42:16,25.28,63.2,13.0,13.0,26.62,41.28,73.55
2025-08-11 20:42:16,24.88,62.2,12.99,12.99,26.49,42.66,75.61
2025-08-11 20:42:16,25.7,64.25,13.12,13.12,26.27,43.72,77.62
2025-08-11 20:42:16,25.86,64.65,13.39,13.39,24.95,45.43,79.12
2025-08-11 20:42:16,26.28,65.7,14.05,14.05,25.01,44.32,79.07
2025-08-11 20:42:16,26.05,65.12,14.32,14.32,25.01,43.78,78.1
2025-08-11 20:42:16,26.58,66.45,14.59,14.59,25.27,44.28,79.31
2025-08-11 20:42:16,26.35,65.88,14.74,14.74,25.33,44.07,79.12
2025-08-11 20:42:17,26.07,65.17,14.74,14.74,25.42,44.73,81.36
2025-08-11 20:42:17,26.19,65.48,15.01,15.01,25.65,40.43,76.55
2025-08-11 20:42:17,26.46,66.15,14.89,14.89,25.85,42.02,77.61
2025-08-11 20:42:17,27.22,68.05,15.29,15.29,24.52,31.77,65.2
2025-08-11 20:42:17,27.23,68.08,15.56,15.56,24.65,31.46,64.4
2025-08-11 20:42:17,27.11,67.78,15.68,15.68,24.61,28.89,61.69
2025-08-11 20:42:17,27.07,67.67,15.92,15.92,24.8,29.29,60.92
2025-08-11 20:42:17,27.85,69.62,15.65,15.65,24.61,25.93,57.8
2025-08-11 20:42:17,27.97,69.92,15.65,15.65,25.36,24.41,56.44
2025-08-11 20:42:17,28.24,70.6,15.78,15.78,26.17,22.22,54.3
2025-08-11 20:42:17,28.62,71.55,15.39,15.39,27.04,43.74,77.78
2025-08-11 20:42:17,28.76,71.9,15.39,15.39,26.63,48.44,83.36
2025-08-11 20:42:17,28.76,71.9,15.01,15.01,27.29,48.97,82.97
2025-08-11 20:42:17,28.76,71.9,15.12,15.12,27.29,50.83,87.93
2025-08-11 20:42:17,28.62,71.55,15.95,15.95,27.02,52.18,90.47
2025-08-11 20:42:17,28.36,70.9,15.52,15.52,27.83,53.64,94.14
2025-08-11 20:42:17,27.96,69.9,15.52,15.52,28.62,52.3,94.14
2025-08-11 20:42:17,27.96,69.9,16.19,16.19,30.23,52.3,93.88
2025-08-11 20:42:17,27.96,69.9,16.45,16.45,31.3,51.23,93.75
2025-08-11 20:42:17,28.09,70.22,16.46,16.46,31.7,51.5,95.77
2025-08-11 20:42:18,27.96,69.9,16.48,16.48,32.4,53.91,99.93
2025-08-11 20:42:18,28.22,70.55,16.9,16.9,32.57,55.24,103.58
2025-08-11 20:42:18,29.83,74.57,17.39,17.39,34.05,56.85,111.96
2025-08-11 20:42:18,31.17,77.93,18.46,18.46,34.39,58.47,116.49
2025-08-11 20:42:18,32.24,80.6,19.4,19.4,36.12,60.49,119.67
2025-08-11 20:42:18,33.46,83.65,20.47,20.47,40.56,62.65,123.24
2025-08-11 20:42:18,34.53,86.33,21.41,21.41,42.71,64.02,126.15
2025-08-11 20:42:18,35.46,88.65,22.23,22.23,44.1,65.37,129.35
2025-08-11 20:42:18,36.67,91.68,22.89,22.89,44.67,66.84,131.89
2025-08-11 20:42:18,37.49,93.73,23.15,23.15,44.58,68.71,133.76
2025-08-11 20:42:18,38.62,96.55,23.83,23.83,45.57,70.19,136.72
2025-08-11 20:42:18,44.76,111.9,25.81,25.81,48.34,68.38,139.42
2025-08-11 20:42:18,47.03,117.58,26.95,26.95,50.19,73.42,144.52
2025-08-11 20:42:18,48.49,121.23,27.75,27.75,51.91,77.42,147.78
2025-08-11 20:42:18,49.8,124.5,27.98,27.98,51.73,79.61,148.76
2025-08-11 20:42:18,51.13,127.83,28.39,28.39,52.57,81.22,151.29
2025-08-11 20:42:18,51.8,129.5,28.67,28.67,55.09,83.23,153.83
2025-08-11 20:42:18,52.45,131.12,29.19,29.19,56.41,84.41,154.89
2025-08-11 20:42:18,52.84,132.1,29.46,29.46,57.28,86.01,156.63
2025-08-11 20:42:18,53.5,133.75,30.1,30.1,57.76,87.5,155.5
2025-08-11 20:42:18,53.53,133.82,30.5,30.5,57.01,87.62,156.38
2025-08-11 20:42:19,53.55,133.88,31.45,31.45,61.31,89.1,158.47
2025-08-11 20:42:19,52.23,130.57,31.31,31.31,54.08,89.35,157.12
2025-08-11 20:42:19,50.72,126.8,31.18,31.18,51.04,89.89,158.75
2025-08-11 20:42:19,50.6,126.5,31.3,31.3,55.04,91.5,162.39
2025-08-11 20:42:19,46.6,116.5,26.9,26.9,51.36,80.53,150.29
2025-08-11 20:42:19,45.49,113.73,27.02,27.02,51.82,90.44,158.88
2025-08-11 20:42:19,44.02,110.05,26.22,26.22,51.8,91.23,159.35
2025-08-11 20:42:19,40.95,102.38,25.82,25.82,51.91,89.62,157.27
2025-08-11 20:42:19,38.81,97.03,24.49,24.49,50.49,86.54,154.54
2025-08-11 20:42:19,37.21,93.03,23.96,23.96,49.87,85.88,154.82
2025-08-11 20:42:19,35.72,89.3,23.42,23.42,47.9,85.34,154.43
2025-08-11 20:42:19,34.14,85.35,23.29,23.29,48.21,84.68,154.88
2025-08-11 20:42:19,33.21,83.03,22.75,22.75,47.55,83.08,152.37
2025-08-11 20:42:19,32.53,81.33,22.34,22.34,46.84,84.13,152.77
2025-08-11 20:42:19,30.77,76.92,22.47,22.47,48.08,84.27,152.55
2025-08-11 20:42:19,30.1,75.25,22.35,22.35,46.71,83.47,151.69
2025-08-11 20:42:19,29.83,74.57,22.08,22.08,46.13,83.47,151.2
2025-08-11 20:42:19,30.37,75.92,22.48,22.48,46.98,83.47,151.41
2025-08-11 20:42:19,30.5,76.25,22.63,22.63,47.32,83.2,150.93
2025-08-11 20:42:19,31.04,77.6,22.76,22.76,47.86,83.47,151.4
2025-08-11 20:42:20,31.04,77.6,22.9,22.9,48.13,83.33,151.51
2025-08-11 20:42:20,31.04,77.6,22.91,22.91,48.66,83.47,151.41
2025-08-11 20:42:20,31.44,78.6,23.18,23.18,48.86,83.47,151.65
2025-08-11 20:42:20,31.57,78.92,23.18,23.18,48.71,83.34,151.56
2025-08-11 20:42:20,31.84,79.6,23.45,23.45,48.61,83.07,151.48
2025-08-11 20:42:20,31.84,79.6,23.3,23.3,47.82,82.0,150.25
2025-08-11 20:42:20,31.84,79.6,23.17,23.17,47.19,82.01,150.4
2025-08-11 20:42:20,32.51,81.27,23.44,23.44,46.74,82.14,150.53
2025-08-11 20:42:20,32.78,81.95,23.3,23.3,47.05,82.27,151.08
2025-08-11 20:42:20,33.05,82.62,23.43,23.43,47.01,82.27,150.96
2025-08-11 20:42:20,33.31,83.28,23.56,23.56,47.16,82.0,150.93
2025-08-11 20:42:20,33.18,82.95,23.57,23.57,47.24,82.13,150.86
2025-08-11 20:42:20,32.91,82.27,23.69,23.69,47.24,82.0,150.79
2025-08-11 20:42:20,33.04,82.6,23.57,23.57,47.27,82.4,151.32
2025-08-11 20:42:20,33.44,83.6,23.68,23.68,48.2,82.4,152.97
2025-08-11 20:42:20,33.71,84.28,23.55,23.55,47.2,82.67,153.46
2025-08-11 20:42:20,33.71,84.28,23.54,23.54,46.01,82.4,153.45
2025-08-11 20:42:20,34.38,85.95,23.54,23.54,46.15,82.13,152.96
2025-08-11 20:42:20,34.78,86.95,23.94,23.94,47.22,82.4,153.04
2025-08-11 20:42:20,35.04,87.6,24.21,24.21,46.94,82.67,153.42
2025-08-11 20:42:20,37.33,93.32,24.48,24.48,47.24,82.68,155.62
2025-08-11 20:42:21,38.69,96.72,25.41,25.41,48.19,82.71,158.13
2025-08-11 20:42:21,39.93,99.83,25.55,25.55,50.12,82.86,159.72
2025-08-11 20:42:21,40.89,102.22,26.23,26.23,54.74,83.29,161.31
2025-08-11 20:42:21,42.0,105.0,27.3,27.3,56.59,85.49,165.19
2025-08-11 20:42:21,43.55,108.88,28.5,28.5,61.03,87.53,169.34
2025-08-11 20:42:21,45.72,114.3,29.44,29.44,62.73,89.96,174.29
2025-08-11 20:42:21,49.96,124.9,31.45,31.45,63.3,91.74,178.31
2025-08-11 20:42:21,52.46,131.15,33.18,33.18,65.84,95.28,182.18
2025-08-11 20:42:21,54.32,135.8,33.71,33.71,65.86,96.49,182.85
2025-08-11 20:42:21,57.38,143.45,34.92,34.92,59.76,99.29,184.91
2025-08-11 20:42:21,59.92,149.8,35.18,35.18,58.98,101.72,186.29
2025-08-11 20:42:21,61.26,153.15,36.12,36.12,59.36,103.56,184.15
2025-08-11 20:42:21,62.6,156.5,37.06,37.06,61.55,106.98,190.72
2025-08-11 20:42:21,64.74,161.85,37.05,37.05,66.66,108.83,193.78
2025-08-11 20:42:21,64.87,162.18,38.12,38.12,69.2,109.0,195.33
2025-08-11 20:42:21,66.1,165.25,39.86,39.86,69.37,109.99,194.8
2025-08-11 20:42:21,62.1,155.25,39.07,39.07,40.27,110.36,196.0
2025-08-11 20:42:21,61.03,152.57,38.96,38.96,43.84,110.11,198.25
2025-08-11 20:42:21,59.98,149.95,38.68,38.68,50.82,110.64,199.03
2025-08-11 20:42:21,59.58,148.95,38.55,38.55,50.32,110.12,198.1
2025-08-11 20:42:21,59.29,148.22,38.67,38.67,64.27,109.88,197.86
2025-08-11 20:42:22,58.62,146.55,38.01,38.01,63.84,109.89,198.28
2025-08-11 20:42:22,53.52,133.8,36.0,36.0,59.84,108.99,197.15
2025-08-11 20:42:22,50.43,126.08,35.07,35.07,52.74,108.86,195.85
2025-08-11 20:42:22,47.22,118.05,32.79,32.79,48.06,108.82,193.44
2025-08-11 20:42:22,44.27,110.68,30.91,30.91,43.63,108.69,190.87
2025-08-11 20:42:22,43.34,108.35,29.7,29.7,38.94,108.12,189.42
2025-08-11 20:42:22,43.07,107.67,29.56,29.56,45.16,108.25,189.71
2025-08-11 20:42:22,42.13,105.33,28.76,28.76,45.85,108.28,189.52
2025-08-11 20:42:22,40.66,101.65,27.96,27.96,50.01,107.08,187.5
2025-08-11 20:42:22,39.86,99.65,28.22,28.22,52.1,106.13,186.59
2025-08-11 20:42:22,38.39,95.97,28.36,28.36,51.77,105.99,187.18
2025-08-11 20:42:22,37.87,94.67,28.25,28.25,51.98,104.09,184.99
2025-08-11 20:42:22,38.15,95.38,27.99,27.99,51.27,103.0,184.37
2025-08-11 20:42:22,38.16,95.4,27.74,27.74,52.01,103.0,184.84
2025-08-11 20:42:22,38.29,95.72,27.2,27.2,52.19,100.99,182.96
2025-08-11 20:42:22,38.16,95.4,27.46,27.46,55.34,101.92,184.33
2025-08-11 20:42:22,38.02,95.05,27.57,27.57,57.93,102.86,184.92
2025-08-11 20:42:22,38.53,96.33,28.1,28.1,57.86,102.33,185.03
2025-08-11 20:42:22,38.8,97.0,27.97,27.97,53.81,102.33,184.89
2025-08-11 20:42:22,39.46,98.65,28.23,28.23,57.72,102.06,184.61
2025-08-11 20:42:22,39.73,99.32,28.23,28.23,58.5,102.06,184.79
2025-08-11 20:42:22,40.26,100.65,28.09,28.09,53.81,100.59,182.71
2025-08-11 20:42:23,40.26,100.65,27.96,27.96,50.99,97.38,179.56
2025-08-11 20:42:23,40.0,100.0,27.96,27.96,44.97,95.77,176.84
2025-08-11 20:42:23,39.86,99.65,27.55,27.55,48.01,95.77,175.89
2025-08-11 20:42:23,39.86,99.65,26.62,26.62,52.65,95.11,175.35
2025-08-11 20:42:23,38.92,97.3,25.68,25.68,50.83,94.3,174.27
2025-08-11 20:42:23,38.92,97.3,25.42,25.42,50.1,90.56,169.57
2025-08-11 20:42:23,38.93,97.33,24.89,24.89,49.98,91.36,170.31
2025-08-11 20:42:23,38.8,97.0,25.02,25.02,45.38,91.62,170.69
2025-08-11 20:42:23,38.93,97.33,26.1,26.1,30.4,92.7,171.79
2025-08-11 20:42:23,38.66,96.65,25.96,25.96,29.15,93.37,172.16
2025-08-11 20:42:23,38.26,95.65,26.09,26.09,30.42,93.76,171.92
2025-08-11 20:42:23,38.13,95.33,25.95,25.95,37.8,92.83,170.97
2025-08-11 20:42:23,39.06,97.65,26.08,26.08,45.11,91.63,170.46
2025-08-11 20:42:23,39.19,97.97,26.08,26.08,47.24,90.82,169.59
2025-08-11 20:42:23,39.87,99.67,26.22,26.22,52.96,93.23,171.98
2025-08-11 20:42:23,40.0,100.0,26.35,26.35,49.5,93.23,171.22
2025-08-11 20:42:23,40.27,100.68,27.29,27.29,50.96,93.5,170.51
2025-08-11 20:42:23,40.41,101.02,27.69,27.69,51.29,93.5,170.22
2025-08-11 20:42:23,40.54,101.35,27.55,27.55,51.76,93.51,170.19
2025-08-11 20:42:23,40.54,101.35,27.55,27.55,51.91,94.18,169.52
2025-08-11 20:42:24,40.54,101.35,27.55,27.55,53.55,94.45,169.65
2025-08-11 20:42:24,40.28,100.7,27.56,27.56,52.94,94.71,169.53
2025-08-11 20:42:24,40.27,100.68,27.56,27.56,52.94,94.97,169.82
2025-08-11 20:42:24,40.27,100.68,27.56,27.56,53.25,95.11,169.82
2025-08-11 20:42:24,40.27,100.68,27.56,27.56,53.41,94.97,169.97
2025-08-11 20:42:24,40.27,100.68,27.56,27.56,53.73,94.7,169.71
2025-08-11 20:42:24,40.4,101.0,27.42,27.42,52.56,94.57,169.43
2025-08-11 20:42:24,40.4,101.0,27.42,27.42,51.18,94.57,169.3
2025-08-11 20:42:24,40.4,101.0,27.42,27.42,50.55,94.57,169.16
2025-08-11 20:42:24,40.4,101.0,27.42,27.42,49.9,94.03,168.63
2025-08-11 20:42:24,40.53,101.33,27.29,27.29,48.44,93.9,168.22
2025-08-11 20:42:24,40.4,101.0,27.16,27.16,47.87,93.9,168.09
2025-08-11 20:42:24,40.4,101.0,27.16,27.16,47.67,94.03,168.23
2025-08-11 20:42:24,40.53,101.33,27.15,27.15,48.29,93.91,168.21
2025-08-11 20:42:24,40.53,101.33,27.29,27.29,48.59,94.04,168.61
2025-08-11 20:42:24,40.4,101.0,27.29,27.29,48.83,94.04,168.6
2025-08-11 20:42:24,40.4,101.0,27.29,27.29,47.77,93.91,168.74
2025-08-11 20:42:24,40.53,101.33,27.29,27.29,47.19,93.92,168.58
2025-08-11 20:42:24,40.53,101.33,27.29,27.29,47.11,93.92,168.59
2025-08-11 20:42:24,40.53,101.33,27.15,27.15,49.04,93.91,168.86
2025-08-11 20:42:25,40.53,101.33,27.42,27.42,49.07,93.91,168.88
2025-08-11 20:42:25,40.53,101.33,27.42,27.42,47.77,93.91,169.15
2025-08-11 20:42:25,40.67,101.68,27.29,27.29,47.59,93.91,169.16
2025-08-11 20:42:25,40.8,102.0,27.29,27.29,47.62,93.78,169.29
2025-08-11 20:42:25,40.8,102.0,27.15,27.15,47.44,93.77,169.43
2025-08-11 20:42:25,40.8,102.0,27.29,27.29,47.55,93.91,169.57
2025-08-11 20:42:25,40.94,102.35,27.42,27.42,45.5,94.04,170.13
2025-08-11 20:42:25,40.94,102.35,27.42,27.42,45.13,93.77,170.17
2025-08-11 20:42:25,40.94,102.35,27.42,27.42,45.28,93.77,170.38
2025-08-11 20:42:25,41.07,102.67,27.42,27.42,44.6,93.9,171.22
2025-08-11 20:42:25,41.07,102.67,27.42,27.42,44.82,93.76,171.25
2025-08-11 20:42:25,41.07,102.67,27.43,27.43,43.74,93.9,171.49
2025-08-11 20:42:25,41.07,102.67,27.43,27.43,44.24,93.77,171.39
2025-08-11 20:42:25,41.07,102.67,27.29,27.29,43.66,93.77,171.44
2025-08-11 20:42:25,41.07,102.67,27.16,27.16,43.32,93.64,171.48
2025-08-11 20:42:25,40.8,102.0,27.16,27.16,43.21,93.64,171.48
2025-08-11 20:42:25,40.94,102.35,27.16,27.16,41.96,93.51,171.25
2025-08-11 20:42:25,40.8,102.0,27.16,27.16,43.77,93.51,171.5
2025-08-11 20:42:25,40.94,102.35,27.16,27.16,45.36,93.51,171.76
2025-08-11 20:42:25,40.93,102.33,27.16,27.16,46.58,93.64,172.0
2025-08-11 20:42:25,40.93,102.33,27.16,27.16,47.45,93.64,171.96
2025-08-11 20:42:25,40.8,102.0,27.16,27.16,48.12,93.11,170.78
2025-08-11 20:42:26,40.8,102.0,27.16,27.16,48.09,92.97,170.31
2025-08-11 20:42:26,40.8,102.0,27.03,27.03,48.39,92.17,168.75
2025-08-11 20:42:26,40.8,102.0,26.89,26.89,47.28,91.89,167.71
2025-08-11 20:42:26,40.66,101.65,26.76,26.76,47.03,90.82,166.04
2025-08-11 20:42:26,40.66,101.65,26.62,26.62,45.53,89.75,164.42
2025-08-11 20:42:26,40.66,101.65,26.62,26.62,44.69,89.49,163.75
2025-08-11 20:42:26,40.53,101.33,26.48,26.48,44.56,90.43,163.73
2025-08-11 20:42:26,40.26,100.65,26.48,26.48,44.42,90.83,163.86
2025-08-11 20:42:26,40.13,100.33,26.49,26.49,43.66,91.36,163.99
2025-08-11 20:42:26,40.26,100.65,26.49,26.49,48.4,91.5,164.12
2025-08-11 20:42:26,40.4,101.0,26.75,26.75,50.42,91.51,163.99
2025-08-11 20:42:26,40.53,101.33,26.75,26.75,50.65,91.92,164.39
2025-08-11 20:42:26,40.53,101.33,26.75,26.75,51.25,91.93,164.52
2025-08-11 20:42:26,40.4,101.0,26.89,26.89,51.3,91.93,166.13
2025-08-11 20:42:26,40.54,101.35,27.15,27.15,53.1,92.07,167.07
2025-08-11 20:42:26,40.55,101.38,27.29,27.29,54.79,92.36,167.61
2025-08-11 20:42:26,40.54,101.35,27.29,27.29,53.79,92.76,167.74
2025-08-11 20:42:26,40.41,101.02,27.15,27.15,54.08,92.89,168.15
2025-08-11 20:42:26,40.27,100.68,27.29,27.29,54.46,93.0,169.24
2025-08-11 20:42:26,40.0,100.0,27.69,27.69,54.75,93.28,170.46
2025-08-11 20:42:26,39.73,99.32,27.82,27.82,45.05,93.14,170.35
2025-08-11 20:42:27,39.34,98.35,27.82,27.82,41.12,92.06,169.17
2025-08-11 20:42:27,38.94,97.35,26.62,26.62,41.2,91.77,168.3
2025-08-11 20:42:27,38.8,97.0,26.35,26.35,47.47,91.37,167.77
2025-08-11 20:42:27,38.67,96.68,26.48,26.48,45.4,90.97,167.13
2025-08-11 20:42:27,38.66,96.65,26.22,26.22,45.5,90.7,166.46
2025-08-11 20:42:27,38.39,95.97,25.82,25.82,45.87,90.83,164.86
2025-08-11 20:42:27,38.39,95.97,25.82,25.82,47.19,90.96,163.51
2025-08-11 20:42:27,38.8,97.0,25.95,25.95,52.86,90.56,163.37
2025-08-11 20:42:27,39.19,97.97,25.82,25.82,52.08,90.03,161.23
2025-08-11 20:42:27,39.46,98.65,26.09,26.09,53.25,89.5,160.92
2025-08-11 20:42:27,39.59,98.98,26.08,26.08,52.36,89.63,161.06
2025-08-11 20:42:27,39.86,99.65,26.48,26.48,54.02,89.76,161.6
2025-08-11 20:42:27,39.99,99.98,26.48,26.48,53.12,89.5,161.31
2025-08-11 20:42:27,39.86,99.65,26.48,26.48,52.88,89.23,160.91
2025-08-11 20:42:27,39.59,98.98,26.35,26.35,52.75,89.1,160.76
2025-08-11 20:42:27,39.59,98.98,26.48,26.48,53.14,89.08,160.88
2025-08-11 20:42:27,39.59,98.98,26.48,26.48,53.36,88.95,160.74
2025-08-11 20:42:27,39.59,98.98,26.48,26.48,54.79,89.49,160.6
2025-08-11 20:42:27,39.59,98.98,26.62,26.62,55.8,89.75,161.0
2025-08-11 20:42:27,39.59,98.98,26.48,26.48,55.68,89.62,160.86
2025-08-11 20:42:28,39.73,99.32,26.35,26.35,55.29,89.48,161.01
2025-08-11 20:42:28,39.59,98.98,26.22,26.22,55.09,89.35,160.95
2025-08-11 20:42:28,39.59,98.98,26.22,26.22,53.31,88.96,160.39
2025-08-11 20:42:28,39.59,98.98,26.48,26.48,53.4,88.84,160.22
2025-08-11 20:42:28,39.59,98.98,26.48,26.48,52.91,88.98,160.36
2025-08-11 20:42:28,39.59,98.98,26.35,26.35,53.05,88.85,160.34
2025-08-11 20:42:28,39.59,98.98,26.35,26.35,53.05,88.58,160.07
2025-08-11 20:42:28,39.59,98.98,26.35,26.35,53.86,88.58,160.07
2025-08-11 20:42:28,39.59,98.98,26.48,26.48,53.95,88.84,160.35
2025-08-11 20:42:28,39.59,98.98,26.35,26.35,53.95,88.86,160.33
2025-08-11 20:42:28,39.59,98.98,26.22,26.22,53.04,88.84,160.35
2025-08-11 20:42:28,39.59,98.98,26.22,26.22,53.31,88.84,160.36
2025-08-11 20:42:28,39.59,98.98,26.22,26.22,53.33,88.97,160.49
2025-08-11 20:42:28,39.59,98.98,26.22,26.22,53.49,88.84,160.36
2025-08-11 20:42:28,39.73,99.32,26.22,26.22,52.55,88.84,160.35
2025-08-11 20:42:28,39.73,99.32,26.22,26.22,53.02,88.84,160.37
2025-08-11 20:42:28,39.59,98.98,26.22,26.22,53.57,88.84,160.37
2025-08-11 20:42:28,39.73,99.32,26.22,26.22,53.95,88.96,160.52
2025-08-11 20:42:28,39.73,99.32,26.08,26.08,54.25,88.84,160.36
2025-08-11 20:42:28,39.59,98.98,25.95,25.95,53.67,88.84,160.22
2025-08-11 20:42:28,39.59,98.98,25.95,25.95,53.67,88.82,160.25
2025-08-11 20:42:29,39.73,99.32,26.08,26.08,53.15,88.86,160.19
2025-08-11 20:42:29,39.59,98.98,26.08,26.08,53.48,88.99,160.33
2025-08-11 20:42:29,39.59,98.98,26.08,26.08,53.61,88.99,160.33
2025-08-11 20:42:29,39.73,99.32,26.08,26.08,53.93,88.84,160.35
2025-08-11 20:42:29,39.73,99.32,26.08,26.08,52.68,88.86,160.32
2025-08-11 20:42:29,39.73,99.32,26.08,26.08,52.77,88.73,160.32
2025-08-11 20:42:29,39.86,99.65,26.22,26.22,52.9,88.72,160.6
2025-08-11 20:42:29,39.86,99.65,26.22,26.22,52.96,88.85,160.74
2025-08-11 20:42:29,39.86,99.65,26.08,26.08,50.94,88.7,160.89
2025-08-11 20:42:29,39.86,99.65,26.22,26.22,49.92,88.57,160.9
2025-08-11 20:42:29,39.86,99.65,26.22,26.22,48.88,88.56,161.47
2025-08-11 20:42:29,39.73,99.32,26.22,26.22,44.91,88.55,162.12
2025-08-11 20:42:29,39.73,99.32,26.35,26.35,46.18,88.55,162.59
2025-08-11 20:42:29,39.73,99.32,26.35,26.35,47.24,88.55,162.69
2025-08-11 20:42:29,39.73,99.32,26.49,26.49,47.25,88.55,162.78
2025-08-11 20:42:29,39.87,99.67,26.62,26.62,46.12,88.55,163.05
2025-08-11 20:42:29,39.87,99.67,26.62,26.62,46.38,88.55,162.91
2025-08-11 20:42:29,39.74,99.35,26.62,26.62,46.55,88.68,163.12
2025-08-11 20:42:29,39.74,99.35,26.62,26.62,46.31,88.56,162.73
2025-08-11 20:42:29,39.74,99.35,26.75,26.75,49.11,88.69,163.11
2025-08-11 20:42:29,39.74,99.35,26.62,26.62,37.49,88.82,163.16
2025-08-11 20:42:30,39.87,99.67,26.62,26.62,46.4,88.95,163.33
2025-08-11 20:42:30,40.0,100.0,26.75,26.75,46.12,88.68,163.07
2025-08-11 20:42:30,40.14,100.35,26.75,26.75,44.13,88.68,163.02
2025-08-11 20:42:30,40.14,100.35,26.75,26.75,45.89,88.69,162.89
2025-08-11 20:42:30,40.0,100.0,26.75,26.75,46.6,88.56,162.89
2025-08-11 20:42:30,40.0,100.0,26.75,26.75,44.71,88.55,162.9
2025-08-11 20:42:30,40.0,100.0,26.75,26.75,43.13,88.68,162.75
2025-08-11 20:42:30,40.0,100.0,26.62,26.62,41.28,88.55,162.55
2025-08-11 20:42:30,39.86,99.65,26.36,26.36,37.98,88.28,162.19
2025-08-11 20:42:30,39.86,99.65,26.22,26.22,38.06,88.15,161.85
2025-08-11 20:42:30,39.86,99.65,26.22,26.22,41.54,88.15,161.62
2025-08-11 20:42:30,39.86,99.65,26.08,26.08,46.71,87.23,159.35
2025-08-11 20:42:30,39.73,99.32,25.68,25.68,50.08,87.42,158.83
2025-08-11 20:42:30,39.6,99.0,25.42,25.42,49.63,87.0,157.47
2025-08-11 20:42:30,39.46,98.65,25.42,25.42,50.03,86.73,156.91
2025-08-11 20:42:30,39.47,98.67,25.42,25.42,50.37,86.86,156.91
2025-08-11 20:42:30,39.47,98.67,25.55,25.55,49.63,86.86,156.64
2025-08-11 20:42:30,39.34,98.35,25.55,25.55,49.4,86.85,156.24
2025-08-11 20:42:30,39.33,98.32,25.42,25.42,50.14,87.1,156.24
2025-08-11 20:42:30,39.2,98.0,25.41,25.41,50.82,87.23,156.1
2025-08-11 20:42:30,39.33,98.32,25.42,25.42,50.37,87.12,155.83
2025-08-11 20:42:31,39.2,98.0,25.28,25.28,48.33,86.98,155.16
2025-08-11 20:42:31,39.19,97.97,25.01,25.01,49.14,87.11,155.29
2025-08-11 20:42:31,39.06,97.65,24.88,24.88,49.43,87.11,155.29
2025-08-11 20:42:31,39.06,97.65,24.75,24.75,50.14,87.12,155.29
2025-08-11 20:42:31,39.06,97.65,24.88,24.88,51.33,87.26,155.29
2025-08-11 20:42:31,38.92,97.3,24.88,24.88,51.44,87.26,155.43
2025-08-11 20:42:31,39.06,97.65,24.88,24.88,51.81,87.79,155.96
2025-08-11 20:42:31,39.06,97.65,25.01,25.01,52.23,87.52,155.43
2025-08-11 20:42:31,39.06,97.65,25.01,25.01,52.8,87.5,155.3
2025-08-11 20:42:31,39.06,97.65,25.15,25.15,52.51,87.37,155.16
2025-08-11 20:42:31,39.06,97.65,25.28,25.28,52.48,87.37,155.03
2025-08-11 20:42:31,39.06,97.65,25.15,25.15,52.48,87.64,154.76
2025-08-11 20:42:31,39.06,97.65,25.28,25.28,52.34,87.24,154.09
2025-08-11 20:42:31,39.06,97.65,25.28,25.28,52.33,87.24,153.96
2025-08-11 20:42:31,39.06,97.65,25.28,25.28,51.47,86.82,153.17
2025-08-11 20:42:31,39.06,97.65,25.28,25.28,51.3,86.42,152.63
2025-08-11 20:42:31,39.06,97.65,25.41,25.41,51.41,86.56,152.77
2025-08-11 20:42:31,39.06,97.65,25.41,25.41,51.26,86.59,152.62
2025-08-11 20:42:31,39.06,97.65,25.28,25.28,51.09,86.6,152.62
2025-08-11 20:42:31,38.92,97.3,25.41,25.41,51.24,86.6,152.62
2025-08-11 20:42:32,38.79,96.97,25.28,25.28,50.19,86.59,152.62
2025-08-11 20:42:32,38.79,96.97,25.28,25.28,50.34,86.45,152.49
2025-08-11 20:42:32,38.92,97.3,25.41,25.41,51.26,87.12,153.16
2025-08-11 20:42:32,38.79,96.97,25.41,25.41,49.64,87.26,152.89
2025-08-11 20:42:32,38.79,96.97,25.41,25.41,49.5,87.12,152.75
2025-08-11 20:42:32,38.79,96.97,25.41,25.41,49.09,86.99,152.62
2025-08-11 20:42:32,38.79,96.97,25.41,25.41,50.51,87.11,152.89
2025-08-11 20:42:32,38.79,96.97,25.41,25.41,51.46,87.09,152.9
2025-08-11 20:42:32,38.66,96.65,25.41,25.41,51.35,86.99,152.75
2025-08-11 20:42:32,38.66,96.65,25.41,25.41,51.1,86.99,152.75
2025-08-11 20:42:32,38.66,96.65,25.41,25.41,51.35,86.59,152.35
2025-08-11 20:42:32,38.66,96.65,25.41,25.41,51.13,86.58,152.36
2025-08-11 20:42:32,38.66,96.65,25.41,25.41,51.28,86.45,152.36
2025-08-11 20:42:32,38.66,96.65,25.55,25.55,51.28,86.61,152.35
2025-08-11 20:42:32,38.79,96.97,25.55,25.55,52.12,86.6,152.49
2025-08-11 20:42:32,39.19,97.97,25.68,25.68,52.12,86.88,153.02
2025-08-11 20:42:32,39.19,97.97,25.68,25.68,51.88,86.88,153.29
2025-08-11 20:42:32,39.19,97.97,25.95,25.95,51.34,86.75,153.56
2025-08-11 20:42:32,39.46,98.65,26.22,26.22,53.6,87.14,154.23
2025-08-11 20:42:32,39.59,98.98,26.22,26.22,53.62,87.26,155.04
2025-08-11 20:42:33,39.86,99.65,26.49,26.49,54.62,87.79,156.66
2025-08-11 20:42:33,40.13,100.33,26.62,26.62,54.35,87.79,158.54
2025-08-11 20:42:33,40.13,100.33,26.75,26.75,54.35,87.4,159.88
2025-08-11 20:42:33,40.13,100.33,26.75,26.75,53.78,87.26,160.55
2025-08-11 20:42:33,40.26,100.65,26.89,26.89,53.31,87.26,160.96
2025-08-11 20:42:33,40.26,100.65,26.89,26.89,53.47,87.26,161.23
2025-08-11 20:42:33,40.4,101.0,26.89,26.89,53.71,87.27,161.23
2025-08-11 20:42:33,40.4,101.0,27.02,27.02,53.86,87.41,161.23
2025-08-11 20:42:33,40.53,101.33,27.15,27.15,53.84,87.4,161.37
2025-08-11 20:42:33,40.53,101.33,27.02,27.02,54.17,87.26,161.51
2025-08-11 20:42:33,40.4,101.0,27.15,27.15,53.6,87.26,161.24
2025-08-11 20:42:33,40.53,101.33,27.15,27.15,53.05,87.27,161.24
2025-08-11 20:42:33,40.53,101.33,27.15,27.15,53.07,87.27,161.37
2025-08-11 20:42:33,40.53,101.33,27.15,27.15,53.07,87.14,161.24
2025-08-11 20:42:33,40.53,101.33,27.15,27.15,53.26,87.27,161.24
2025-08-11 20:42:33,40.53,101.33,27.15,27.15,53.53,87.27,161.38
2025-08-11 20:42:33,40.53,101.33,27.15,27.15,53.53,87.27,161.38
2025-08-11 20:42:33,40.53,101.33,27.15,27.15,52.71,87.25,161.4
2025-08-11 20:42:33,40.4,101.0,27.02,27.02,52.89,87.25,161.4
2025-08-11 20:42:33,40.53,101.33,27.02,27.02,52.97,87.25,161.4
2025-08-11 20:42:33,40.53,101.33,27.02,27.02,53.33,87.12,161.4
2025-08-11 20:42:34,40.53,101.33,27.15,27.15,53.19,87.24,161.42
2025-08-11 20:42:34,40.53,101.33,27.15,27.15,53.7,87.11,161.42
2025-08-11 20:42:34,40.66,101.65,27.15,27.15,53.67,87.11,161.55
2025-08-11 20:42:34,40.66,101.65,27.15,27.15,53.91,87.11,161.54
2025-08-11 20:42:34,40.66,101.65,27.29,27.29,53.71,87.11,161.55
2025-08-11 20:42:34,40.93,102.33,27.29,27.29,53.44,87.12,161.54
2025-08-11 20:42:34,41.06,102.65,27.29,27.29,54.49,87.39,161.94
2025-08-11 20:42:34,41.06,102.65,27.15,27.15,51.95,87.26,161.92
2025-08-11 20:42:34,40.8,102.0,27.15,27.15,52.34,87.31,162.83
2025-08-11 20:42:34,40.53,101.33,27.29,27.29,50.58,86.26,162.69
2025-08-11 20:42:34,40.53,101.33,27.29,27.29,48.18,86.09,162.85
2025-08-11 20:42:34,40.4,101.0,27.29,27.29,48.86,86.09,163.53
2025-08-11 20:42:34,40.13,100.33,27.15,27.15,47.17,86.09,163.53
2025-08-11 20:42:34,39.6,99.0,27.02,27.02,38.5,85.69,162.86
2025-08-11 20:42:34,39.06,97.65,26.89,26.89,35.74,85.29,161.79
2025-08-11 20:42:34,38.66,96.65,26.89,26.89,39.01,85.25,161.95
2025-08-11 20:42:34,38.4,96.0,26.62,26.62,33.18,85.11,161.56
2025-08-11 20:42:34,37.87,94.67,26.48,26.48,36.72,85.09,161.58
2025-08-11 20:42:34,37.46,93.65,26.35,26.35,43.08,85.1,161.56
2025-08-11 20:42:34,37.2,93.0,25.82,25.82,43.04,85.23,161.55
2025-08-11 20:42:34,36.8,92.0,25.55,25.55,41.74,85.35,161.06
2025-08-11 20:42:35,36.93,92.33,25.55,25.55,42.54,85.48,161.06
2025-08-11 20:42:35,36.53,91.33,25.28,25.28,44.14,85.34,160.56
2025-08-11 20:42:35,36.27,90.68,25.02,25.02,47.9,85.07,159.8
2025-08-11 20:42:35,35.87,89.67,24.48,24.48,48.69,84.94,159.19
2025-08-11 20:42:35,35.47,88.67,24.21,24.21,49.28,84.27,158.21
2025-08-11 20:42:35,35.07,87.67,24.08,24.08,49.12,84.14,157.81
2025-08-11 20:42:35,34.67,86.68,23.94,23.94,49.22,83.2,156.33
2025-08-11 20:42:35,34.4,86.0,23.54,23.54,48.96,83.07,155.92
2025-08-11 20:42:35,34.26,85.65,23.41,23.41,48.9,83.2,155.92
2025-08-11 20:42:35,34.26,85.65,23.41,23.41,49.12,83.2,155.66
2025-08-11 20:42:35,34.26,85.65,23.27,23.27,48.89,83.07,155.39
2025-08-11 20:42:35,34.13,85.33,23.14,23.14,48.76,83.2,155.29
2025-08-11 20:42:35,34.13,85.33,23.28,23.28,48.76,83.06,155.29
2025-08-11 20:42:35,34.13,85.33,23.28,23.28,48.01,83.07,155.28
2025-08-11 20:42:35,34.12,85.3,23.41,23.41,47.85,82.93,155.02
2025-08-11 20:42:35,34.12,85.3,23.27,23.27,48.38,83.07,155.14
2025-08-11 20:42:35,34.12,85.3,23.27,23.27,47.66,83.21,155.21
2025-08-11 20:42:35,34.25,85.62,23.41,23.41,48.05,83.2,155.27
2025-08-11 20:42:35,34.25,85.62,23.41,23.41,48.17,82.94,155.25
2025-08-11 20:42:35,34.25,85.62,23.41,23.41,48.6,82.94,155.38
2025-08-11 20:42:36,34.25,85.62,23.41,23.41,48.76,82.94,155.38
2025-08-11 20:42:36,34.39,85.97,23.41,23.41,49.44,82.94,155.47
2025-08-11 20:42:36,34.39,85.97,23.54,23.54,50.05,82.69,155.44
2025-08-11 20:42:36,34.39,85.97,23.41,23.41,48.88,82.81,155.57
2025-08-11 20:42:36,34.39,85.97,23.54,23.54,48.05,82.95,155.69
2025-08-11 20:42:36,34.39,85.97,23.41,23.41,47.33,82.81,155.55
2025-08-11 20:42:36,34.39,85.97,23.54,23.54,45.26,82.42,155.54
2025-08-11 20:42:36,34.53,86.33,23.54,23.54,45.9,82.82,155.95
2025-08-11 20:42:36,34.79,86.97,23.81,23.81,47.55,83.23,156.87
2025-08-11 20:42:36,34.92,87.3,24.08,24.08,47.59,83.89,157.7
2025-08-11 20:42:36,35.6,89.0,24.75,24.75,44.09,83.68,158.42
2025-08-11 20:42:36,36.4,91.0,25.01,25.01,44.12,83.82,159.61
2025-08-11 20:42:36,36.8,92.0,25.01,25.01,44.92,84.72,160.97
2025-08-11 20:42:36,37.2,93.0,25.15,25.15,44.5,84.84,160.99
2025-08-11 20:42:36,38.27,95.68,25.41,25.41,37.74,85.25,161.53
2025-08-11 20:42:36,40.8,102.0,26.89,26.89,33.05,85.18,161.66
2025-08-11 20:42:36,43.21,108.03,27.82,27.82,33.42,86.95,165.14
2025-08-11 20:42:36,44.55,111.38,28.62,28.62,35.3,87.19,166.52
2025-08-11 20:42:36,45.22,113.05,29.03,29.03,36.73,87.16,167.23
2025-08-11 20:42:36,45.63,114.08,29.16,29.16,50.52,87.43,168.41
2025-08-11 20:42:37,48.59,121.48,30.36,30.36,57.14,89.9,171.96
2025-08-11 20:42:37,49.93,124.83,31.43,31.43,59.03,91.0,173.41
2025-08-11 20:42:37,51.01,127.52,31.43,31.43,58.76,92.36,174.86
2025-08-11 20:42:37,51.4,128.5,32.24,32.24,59.08,93.99,177.66
2025-08-11 20:42:37,52.08,130.2,33.04,33.04,59.97,94.98,180.2
2025-08-11 20:42:37,52.88,132.2,33.04,33.04,62.07,95.91,181.27
2025-08-11 20:42:37,53.02,132.55,33.04,33.04,63.46,96.84,183.27
2025-08-11 20:42:37,52.74,131.85,33.19,33.19,62.51,97.13,183.27
2025-08-11 20:42:37,52.61,131.53,33.59,33.59,62.22,96.83,180.98
2025-08-11 20:42:37,52.34,130.85,33.73,33.73,61.64,96.84,180.31
2025-08-11 20:42:37,52.06,130.15,33.72,33.72,61.92,97.23,179.78
2025-08-11 20:42:37,51.93,129.82,33.19,33.19,59.96,96.99,177.5
2025-08-11 20:42:37,51.25,128.12,33.19,33.19,59.79,96.76,176.97
2025-08-11 20:42:37,48.97,122.42,31.85,31.85,59.45,96.52,174.99
2025-08-11 20:42:37,47.36,118.4,31.19,31.19,60.76,96.47,173.79
2025-08-11 20:42:37,46.82,117.05,30.79,30.79,58.95,96.45,174.2
2025-08-11 20:42:37,46.28,115.7,30.79,30.79,59.35,96.57,174.74
2025-08-11 20:42:37,46.15,115.38,30.52,30.52,58.46,96.56,175.01
2025-08-11 20:42:37,46.01,115.02,30.52,30.52,57.08,96.42,175.16
2025-08-11 20:42:37,46.15,115.38,30.51,30.51,57.15,96.54,175.3
2025-08-11 20:42:38,46.15,115.38,30.38,30.38,57.27,96.55,174.62
2025-08-11 20:42:38,46.01,115.02,30.38,30.38,58.46,96.55,174.22
2025-08-11 20:42:38,46.01,115.02,30.52,30.52,58.46,96.55,174.22
2025-08-11 20:42:38,45.75,114.38,30.38,30.38,58.4,96.55,174.23
2025-08-11 20:42:38,45.61,114.03,30.38,30.38,59.04,96.55,173.41
2025-08-11 20:42:38,45.34,113.35,30.38,30.38,59.13,96.81,172.62
2025-08-11 20:42:38,44.41,111.02,29.58,29.58,60.18,96.77,171.53
2025-08-11 20:42:38,44.28,110.7,29.58,29.58,60.29,96.62,170.55
2025-08-11 20:42:38,44.55,111.38,29.05,29.05,60.13,96.47,169.97
2025-08-11 20:42:38,44.41,111.02,29.17,29.17,60.41,96.48,169.9
2025-08-11 20:42:38,43.34,108.35,28.9,28.9,50.86,96.46,170.21
2025-08-11 20:42:38,42.8,107.0,28.5,28.5,52.25,96.45,170.13
2025-08-11 20:42:38,41.73,104.32,27.16,27.16,50.65,95.93,167.96
2025-08-11 20:42:38,40.8,102.0,27.29,27.29,25.87,95.96,167.56
2025-08-11 20:42:38,40.67,101.68,28.5,28.5,23.09,93.57,164.83
2025-08-11 20:42:38,39.73,99.32,28.51,28.51,20.78,92.91,162.96
2025-08-11 20:42:38,40.29,100.72,28.13,28.13,46.33,93.26,162.11
2025-08-11 20:42:38,40.68,101.7,27.45,27.45,55.63,93.29,160.06
2025-08-11 20:42:38,40.81,102.03,26.1,26.1,58.77,92.99,159.05
2025-08-11 20:42:38,40.67,101.68,25.69,25.69,57.54,93.23,157.72
2025-08-11 20:42:38,40.93,102.33,25.95,25.95,60.28,93.23,156.8
2025-08-11 20:42:39,40.8,102.0,25.68,25.68,57.98,93.9,156.65
2025-08-11 20:42:39,40.66,101.65,25.68,25.68,56.61,94.04,156.96
2025-08-11 20:42:39,40.66,101.65,25.68,25.68,56.43,94.03,156.87
2025-08-11 20:42:39,41.06,102.65,25.95,25.95,54.21,93.9,157.08
2025-08-11 20:42:39,41.33,103.32,26.08,26.08,53.41,93.63,156.89
2025-08-11 20:42:39,41.2,103.0,26.22,26.22,56.22,93.37,155.91
2025-08-11 20:42:39,41.2,103.0,26.22,26.22,55.51,93.37,155.62
2025-08-11 20:42:39,41.47,103.67,26.89,26.89,58.79,93.51,156.02
2025-08-11 20:42:39,41.47,103.67,26.76,26.76,57.69,93.37,155.73
2025-08-11 20:42:39,41.89,104.72,26.89,26.89,59.14,93.11,155.58
2025-08-11 20:42:39,41.62,104.05,26.89,26.89,58.07,93.12,155.41
2025-08-11 20:42:39,41.21,103.03,26.23,26.23,55.8,92.88,155.06
2025-08-11 20:42:39,41.08,102.7,26.23,26.23,56.05,92.74,154.92
2025-08-11 20:42:39,41.08,102.7,26.38,26.38,56.26,92.5,155.01
2025-08-11 20:42:39,41.08,102.7,26.38,26.38,55.64,92.49,155.69
2025-08-11 20:42:39,41.08,102.7,26.24,26.24,55.42,92.34,155.97
2025-08-11 20:42:39,41.09,102.73,26.65,26.65,56.45,92.21,156.24
2025-08-11 20:42:39,41.47,103.67,26.65,26.65,56.63,92.19,156.38
2025-08-11 20:42:39,41.07,102.67,26.51,26.51,56.16,91.79,155.99
2025-08-11 20:42:39,40.94,102.35,26.24,26.24,56.2,91.66,155.05
2025-08-11 20:42:40,40.8,102.0,26.1,26.1,54.45,92.05,155.19
2025-08-11 20:42:40,40.93,102.33,26.23,26.23,55.33,92.18,155.46
2025-08-11 20:42:40,40.93,102.33,26.23,26.23,53.83,91.92,155.18
2025-08-11 20:42:40,41.07,102.67,26.37,26.37,59.43,91.92,155.18
2025-08-11 20:42:40,40.93,102.33,26.37,26.37,57.28,91.78,155.05
2025-08-11 20:42:40,41.2,103.0,26.37,26.37,57.75,91.78,155.2
2025-08-11 20:42:40,41.07,102.67,26.5,26.5,55.38,91.78,155.19
2025-08-11 20:42:40,41.07,102.67,26.51,26.51,55.47,91.78,155.32
2025-08-11 20:42:40,41.07,102.67,26.63,26.63,53.01,91.79,155.43
2025-08-11 20:42:40,41.07,102.67,26.77,26.77,54.18,91.65,155.59
2025-08-11 20:42:40,41.07,102.67,26.91,26.91,54.81,91.53,155.84
2025-08-11 20:42:40,41.07,102.67,26.51,26.51,53.23,91.51,155.92
2025-08-11 20:42:40,40.94,102.35,26.38,26.38,53.45,91.51,155.93
2025-08-11 20:42:40,40.94,102.35,26.51,26.51,52.34,91.38,155.94
2025-08-11 20:42:41,40.81,102.03,26.5,26.5,57.19,91.24,156.01
2025-08-11 20:42:41,40.81,102.03,26.36,26.36,56.89,91.1,155.74
2025-08-11 20:42:41,40.68,101.7,26.23,26.23,56.51,90.58,154.89
2025-08-11 20:42:41,40.68,101.7,25.97,25.97,56.64,90.31,154.5
2025-08-11 20:42:41,40.54,101.35,25.84,25.84,55.17,90.44,154.5
2025-08-11 20:42:41,40.41,101.02,25.83,25.83,52.37,90.44,154.1
2025-08-11 20:42:41,40.28,100.7,25.83,25.83,52.72,90.31,153.97
2025-08-11 20:42:41,40.14,100.35,25.83,25.83,53.09,90.31,153.97
2025-08-11 20:42:41,40.28,100.7,25.7,25.7,52.96,90.19,153.66
2025-08-11 20:42:41,40.27,100.68,25.7,25.7,53.18,90.04,153.45
2025-08-11 20:42:41,40.27,100.68,25.84,25.84,53.72,90.04,153.58
2025-08-11 20:42:41,40.14,100.35,25.7,25.7,53.8,89.9,153.31
2025-08-11 20:42:41,40.14,100.35,25.86,25.86,57.22,89.11,153.56
2025-08-11 20:42:41,40.15,100.38,25.86,25.86,56.74,89.0,153.38
2025-08-11 20:42:41,40.15,100.38,25.98,25.98,54.99,89.11,153.3
2025-08-11 20:42:41,40.15,100.38,25.98,25.98,54.65,89.24,153.18
2025-08-11 20:42:41,40.15,100.38,25.84,25.84,54.27,89.24,152.92
2025-08-11 20:42:41,39.88,99.7,25.84,25.84,54.36,89.1,152.79
2025-08-11 20:42:42,39.88,99.7,25.84,25.84,54.58,89.23,152.95
2025-08-11 20:42:42,39.88,99.7,25.85,25.85,56.38,89.36,153.34
2025-08-11 20:42:42,39.88,99.7,25.72,25.72,56.72,89.36,153.33
2025-08-11 20:42:42,40.02,100.05,25.85,25.85,55.33,89.37,153.03
2025-08-11 20:42:42,40.02,100.05,25.85,25.85,54.91,89.38,152.76
2025-08-11 20:42:42,40.01,100.02,25.83,25.83,53.57,89.5,152.28
2025-08-11 20:42:42,39.87,99.67,25.56,25.56,53.52,90.02,152.34
2025-08-11 20:42:42,39.87,99.67,25.56,25.56,53.56,89.75,151.93
2025-08-11 20:42:42,40.15,100.38,25.84,25.84,58.43,89.49,152.3
2025-08-11 20:42:42,40.15,100.38,25.84,25.84,58.33,89.49,152.3
